DATAFLOW,FREQ,INDICATOR,GEO_PICT,SEX,AGE,URBANIZATION,INCOME,EDUCATION,OCCUPATION,COMPOSITE_BREAKDOWN,DISABILITY,TIME_PERIOD,OBS_VALUE,UNIT_MEASURE,REPORTING_TYPE,NATURE,DATA_SOURCE,OBS_STATUS,OBS_COMMENT
SPC:DF_SDG_06(3.0),A,SH_H2O_SAFE,FJ,_T,_T,_T,_T,_T,_T,_Z,_T,2000,94.82,PERCENT,G,_X,,,
SPC:DF_SDG_06(3.0),A,SH_H2O_SAFE,FJ,_T,_T,_T,_T,_T,_T,_Z,_T,2001,94.84,PERCENT,G,_X,,,
SPC:DF_SDG_06(3.0),A,SH_H2O_SAFE,FJ,_T,_T,_T,_T,_T,_T,_Z,_T,2002,94.87,PERCENT,G,_X,,,
SPC:DF_SDG_06(3.0),A,SH_H2O_SAFE,FJ,_T,_T,_T,_T,_T,_T,_Z,_T,2003,94.89,PERCENT,G,_X,,,
SPC:DF_SDG_06(3.0),A,SH_H2O_SAFE,FJ,_T,_T,_T,_T,_T,_T,_Z,_T,2004,94.91,PERCENT,G,_X,,,
SPC:DF_SDG_06(3.0),A,SH_H2O_SAFE,FJ,_T,_T,_T,_T,_T,_T,_Z,_T,2005,94.94,PERCENT,G,_X,,,
SPC:DF_SDG_06(3.0),A,SH_H2O_SAFE,FJ,_T,_T,_T,_T,_T,_T,_Z,_T,2006,94.96,PERCENT,G,_X,,,
SPC:DF_SDG_06(3.0),A,SH_H2O_SAFE,FJ,_T,_T,_T,_T,_T,_T,_Z,_T,2007,94.98,PERCENT,G,_X,,,
SPC:DF_SDG_06(3.0),A,SH_H2O_SAFE,FJ,_T,_T,_T,_T,_T,_T,_Z,_T,2008,95.01,PERCENT,G,_X,,,
SPC:DF_SDG_06(3.0),A,SH_H2O_SAFE,FJ,_T,_T,_T,_T,_T,_T,_Z,_T,2009,95.04,PERCENT,G,_X,,,
SPC:DF_SDG_06(3.0),A,SH_H2O_SAFE,FJ,_T,_T,_T,_T,_T,_T,_Z,_T,2010,95.08,PERCENT,G,_X,,,
SPC:DF_SDG_06(3.0),A,SH_H2O_SAFE,FJ,_T,_T,_T,_T,_T,_T,_Z,_T,2011,95.11,PERCENT,G,_X,,,
SPC:DF_SDG_06(3.0),A,SH_H2O_SAFE,FJ,_T,_T,_T,_T,_T,_T,_Z,_T,2012,95.14,PERCENT,G,_X,,,
SPC:DF_SDG_06(3.0),A,SH_H2O_SAFE,FJ,_T,_T,_T,_T,_T,_T,_Z,_T,2013,95.18,PERCENT,G,_X,,,
SPC:DF_SDG_06(3.0),A,SH_H2O_SAFE,FJ,_T,_T,_T,_T,_T,_T,_Z,_T,2014,95.21,PERCENT,G,_X,,,
SPC:DF_SDG_06(3.0),A,SH_H2O_SAFE,FJ,_T,_T,_T,_T,_T,_T,_Z,_T,2015,95.24,PERCENT,G,_X,,,
SPC:DF_SDG_06(3.0),A,SH_H2O_SAFE,FJ,_T,_T,_T,_T,_T,_T,_Z,_T,2016,95.28,PERCENT,G,_X,,,
SPC:DF_SDG_06(3.0),A,SH_H2O_SAFE,FJ,_T,_T,_T,_T,_T,_T,_Z,_T,2017,95.31,PERCENT,G,_X,,,
SPC:DF_SDG_06(3.0),A,SH_H2O_SAFE,FJ,_T,_T,_T,_T,_T,_T,_Z,_T,2018,95.35,PERCENT,G,_X,,,
SPC:DF_SDG_06(3.0),A,SH_H2O_SAFE,FJ,_T,_T,_T,_T,_T,_T,_Z,_T,2019,95.38,PERCENT,G,_X,,,
SPC:DF_SDG_06(3.0),A,SH_H2O_SAFE,FJ,_T,_T,_T,_T,_T,_T,_Z,_T,2020,95.42,PERCENT,G,_X,,,
SPC:DF_SDG_06(3.0),A,SH_H2O_SAFE,FJ,_T,_T,_T,_T,_T,_T,_Z,_T,2021,95.45,PERCENT,G,_X,,,
SPC:DF_SDG_06(3.0),A,SH_H2O_SAFE,FJ,_T,_T,_T,_T,_T,_T,_Z,_T,2022,95.49,PERCENT,G,_X,,,
SPC:DF_SDG_06(3.0),A,SH_H2O_SAFE,NU,_T,_T,_T,_T,_T,_T,_Z,_T,2000,99.24,PERCENT,G,_X,,,
SPC:DF_SDG_06(3.0),A,SH_H2O_SAFE,NU,_T,_T,_T,_T,_T,_T,_Z,_T,2001,99.24,PERCENT,G,_X,,,
SPC:DF_SDG_06(3.0),A,SH_H2O_SAFE,NU,_T,_T,_T,_T,_T,_T,_Z,_T,2002,99.24,PERCENT,G,_X,,,
SPC:DF_SDG_06(3.0),A,SH_H2O_SAFE,NU,_T,_T,_T,_T,_T,_T,_Z,_T,2003,99.24,PERCENT,G,_X,,,
SPC:DF_SDG_06(3.0),A,SH_H2O_SAFE,NU,_T,_T,_T,_T,_T,_T,_Z,_T,2004,99.24,PERCENT,G,_X,,,
SPC:DF_SDG_06(3.0),A,SH_H2O_SAFE,NU,_T,_T,_T,_T,_T,_T,_Z,_T,2005,99.09,PERCENT,G,_X,,,
SPC:DF_SDG_06(3.0),A,SH_H2O_SAFE,NU,_T,_T,_T,_T,_T,_T,_Z,_T,2006,98.95,PERCENT,G,_X,,,
SPC:DF_SDG_06(3.0),A,SH_H2O_SAFE,NU,_T,_T,_T,_T,_T,_T,_Z,_T,2007,98.8,PERCENT,G,_X,,,
SPC:DF_SDG_06(3.0),A,SH_H2O_SAFE,NU,_T,_T,_T,_T,_T,_T,_Z,_T,2008,98.65,PERCENT,G,_X,,,
SPC:DF_SDG_06(3.0),A,SH_H2O_SAFE,NU,_T,_T,_T,_T,_T,_T,_Z,_T,2009,98.5,PERCENT,G,_X,,,
SPC:DF_SDG_06(3.0),A,SH_H2O_SAFE,NU,_T,_T,_T,_T,_T,_T,_Z,_T,2010,98.35,PERCENT,G,_X,,,
SPC:DF_SDG_06(3.0),A,SH_H2O_SAFE,NU,_T,_T,_T,_T,_T,_T,_Z,_T,2011,98.2,PERCENT,G,_X,,,
SPC:DF_SDG_06(3.0),A,SH_H2O_SAFE,NU,_T,_T,_T,_T,_T,_T,_Z,_T,2012,98.05,PERCENT,G,_X,,,
SPC:DF_SDG_06(3.0),A,SH_H2O_SAFE,NU,_T,_T,_T,_T,_T,_T,_Z,_T,2013,97.9,PERCENT,G,_X,,,
SPC:DF_SDG_06(3.0),A,SH_H2O_SAFE,NU,_T,_T,_T,_T,_T,_T,_Z,_T,2014,97.75,PERCENT,G,_X,,,
SPC:DF_SDG_06(3.0),A,SH_H2O_SAFE,NU,_T,_T,_T,_T,_T,_T,_Z,_T,2015,97.61,PERCENT,G,_X,,,
SPC:DF_SDG_06(3.0),A,SH_H2O_SAFE,NU,_T,_T,_T,_T,_T,_T,_Z,_T,2016,97.46,PERCENT,G,_X,,,
SPC:DF_SDG_06(3.0),A,SH_H2O_SAFE,NU,_T,_T,_T,_T,_T,_T,_Z,_T,2017,97.31,PERCENT,G,_X,,,
SPC:DF_SDG_06(3.0),A,SH_H2O_SAFE,NU,_T,_T,_T,_T,_T,_T,_Z,_T,2018,97.16,PERCENT,G,_X,,,
SPC:DF_SDG_06(3.0),A,SH_H2O_SAFE,NU,_T,_T,_T,_T,_T,_T,_Z,_T,2019,97.01,PERCENT,G,_X,,,
SPC:DF_SDG_06(3.0),A,SH_H2O_SAFE,NU,_T,_T,_T,_T,_T,_T,_Z,_T,2020,97.01,PERCENT,G,_X,,,
SPC:DF_SDG_06(3.0),A,SH_H2O_SAFE,NU,_T,_T,_T,_T,_T,_T,_Z,_T,2021,97.01,PERCENT,G,_X,,,
SPC:DF_SDG_06(3.0),A,SH_H2O_SAFE,NU,_T,_T,_T,_T,_T,_T,_Z,_T,2022,97.01,PERCENT,G,_X,,,
SPC:DF_SDG_06(3.0),A,SH_H2O_SAFE,FJ,_T,_T,U,_T,_T,_T,_Z,_T,2000,98.39,PERCENT,G,_X,,,
SPC:DF_SDG_06(3.0),A,SH_H2O_SAFE,FJ,_T,_T,U,_T,_T,_T,_Z,_T,2001,98.39,PERCENT,G,_X,,,
SPC:DF_SDG_06(3.0),A,SH_H2O_SAFE,FJ,_T,_T,U,_T,_T,_T,_Z,_T,2002,98.39,PERCENT,G,_X,,,
SPC:DF_SDG_06(3.0),A,SH_H2O_SAFE,FJ,_T,_T,U,_T,_T,_T,_Z,_T,2003,98.4,PERCENT,G,_X,,,
SPC:DF_SDG_06(3.0),A,SH_H2O_SAFE,FJ,_T,_T,U,_T,_T,_T,_Z,_T,2004,98.42,PERCENT,G,_X,,,
SPC:DF_SDG_06(3.0),A,SH_H2O_SAFE,FJ,_T,_T,U,_T,_T,_T,_Z,_T,2005,98.43,PERCENT,G,_X,,,
SPC:DF_SDG_06(3.0),A,SH_H2O_SAFE,FJ,_T,_T,U,_T,_T,_T,_Z,_T,2006,98.45,PERCENT,G,_X,,,
SPC:DF_SDG_06(3.0),A,SH_H2O_SAFE,FJ,_T,_T,U,_T,_T,_T,_Z,_T,2007,98.46,PERCENT,G,_X,,,
SPC:DF_SDG_06(3.0),A,SH_H2O_SAFE,FJ,_T,_T,U,_T,_T,_T,_Z,_T,2008,98.47,PERCENT,G,_X,,,
SPC:DF_SDG_06(3.0),A,SH_H2O_SAFE,FJ,_T,_T,U,_T,_T,_T,_Z,_T,2009,98.49,PERCENT,G,_X,,,
SPC:DF_SDG_06(3.0),A,SH_H2O_SAFE,FJ,_T,_T,U,_T,_T,_T,_Z,_T,2010,98.5,PERCENT,G,_X,,,
SPC:DF_SDG_06(3.0),A,SH_H2O_SAFE,FJ,_T,_T,U,_T,_T,_T,_Z,_T,2011,98.51,PERCENT,G,_X,,,
SPC:DF_SDG_06(3.0),A,SH_H2O_SAFE,FJ,_T,_T,U,_T,_T,_T,_Z,_T,2012,98.53,PERCENT,G,_X,,,
SPC:DF_SDG_06(3.0),A,SH_H2O_SAFE,FJ,_T,_T,U,_T,_T,_T,_Z,_T,2013,98.54,PERCENT,G,_X,,,
SPC:DF_SDG_06(3.0),A,SH_H2O_SAFE,FJ,_T,_T,U,_T,_T,_T,_Z,_T,2014,98.56,PERCENT,G,_X,,,
SPC:DF_SDG_06(3.0),A,SH_H2O_SAFE,FJ,_T,_T,U,_T,_T,_T,_Z,_T,2015,98.57,PERCENT,G,_X,,,
SPC:DF_SDG_06(3.0),A,SH_H2O_SAFE,FJ,_T,_T,U,_T,_T,_T,_Z,_T,2016,98.58,PERCENT,G,_X,,,
SPC:DF_SDG_06(3.0),A,SH_H2O_SAFE,FJ,_T,_T,U,_T,_T,_T,_Z,_T,2017,98.6,PERCENT,G,_X,,,
SPC:DF_SDG_06(3.0),A,SH_H2O_SAFE,FJ,_T,_T,U,_T,_T,_T,_Z,_T,2018,98.61,PERCENT,G,_X,,,
SPC:DF_SDG_06(3.0),A,SH_H2O_SAFE,FJ,_T,_T,U,_T,_T,_T,_Z,_T,2019,98.62,PERCENT,G,_X,,,
SPC:DF_SDG_06(3.0),A,SH_H2O_SAFE,FJ,_T,_T,U,_T,_T,_T,_Z,_T,2020,98.64,PERCENT,G,_X,,,
SPC:DF_SDG_06(3.0),A,SH_H2O_SAFE,FJ,_T,_T,U,_T,_T,_T,_Z,_T,2021,98.65,PERCENT,G,_X,,,
SPC:DF_SDG_06(3.0),A,SH_H2O_SAFE,FJ,_T,_T,U,_T,_T,_T,_Z,_T,2022,98.66,PERCENT,G,_X,,,
SPC:DF_SDG_06(3.0),A,SH_H2O_SAFE,PW,_T,_T,R,_T,_T,_T,_Z,_T,2000,98.67,PERCENT,G,_X,,,
SPC:DF_SDG_06(3.0),A,SH_H2O_SAFE,PW,_T,_T,R,_T,_T,_T,_Z,_T,2001,98.7,PERCENT,G,_X,,,
SPC:DF_SDG_06(3.0),A,SH_H2O_SAFE,PW,_T,_T,R,_T,_T,_T,_Z,_T,2002,98.73,PERCENT,G,_X,,,
SPC:DF_SDG_06(3.0),A,SH_H2O_SAFE,PW,_T,_T,R,_T,_T,_T,_Z,_T,2003,98.77,PERCENT,G,_X,,,
SPC:DF_SDG_06(3.0),A,SH_H2O_SAFE,PW,_T,_T,R,_T,_T,_T,_Z,_T,2004,98.8,PERCENT,G,_X,,,
SPC:DF_SDG_06(3.0),A,SH_H2O_SAFE,PW,_T,_T,R,_T,_T,_T,_Z,_T,2005,98.83,PERCENT,G,_X,,,
SPC:DF_SDG_06(3.0),A,SH_H2O_SAFE,PW,_T,_T,R,_T,_T,_T,_Z,_T,2006,98.86,PERCENT,G,_X,,,
SPC:DF_SDG_06(3.0),A,SH_H2O_SAFE,PW,_T,_T,R,_T,_T,_T,_Z,_T,2007,98.89,PERCENT,G,_X,,,
SPC:DF_SDG_06(3.0),A,SH_H2O_SAFE,PW,_T,_T,R,_T,_T,_T,_Z,_T,2008,98.92,PERCENT,G,_X,,,
SPC:DF_SDG_06(3.0),A,SH_H2O_SAFE,PW,_T,_T,R,_T,_T,_T,_Z,_T,2009,98.96,PERCENT,G,_X,,,
SPC:DF_SDG_06(3.0),A,SH_H2O_SAFE,PW,_T,_T,R,_T,_T,_T,_Z,_T,2010,98.99,PERCENT,G,_X,,,
SPC:DF_SDG_06(3.0),A,SH_H2O_SAFE,PW,_T,_T,R,_T,_T,_T,_Z,_T,2011,99.02,PERCENT,G,_X,,,
SPC:DF_SDG_06(3.0),A,SH_H2O_SAFE,PW,_T,_T,R,_T,_T,_T,_Z,_T,2012,99.05,PERCENT,G,_X,,,
SPC:DF_SDG_06(3.0),A,SH_H2O_SAFE,PW,_T,_T,R,_T,_T,_T,_Z,_T,2013,99.08,PERCENT,G,_X,,,
SPC:DF_SDG_06(3.0),A,SH_H2O_SAFE,PW,_T,_T,R,_T,_T,_T,_Z,_T,2014,99.11,PERCENT,G,_X,,,
SPC:DF_SDG_06(3.0),A,SH_H2O_SAFE,PW,_T,_T,R,_T,_T,_T,_Z,_T,2015,99.15,PERCENT,G,_X,,,
SPC:DF_SDG_06(3.0),A,SH_H2O_SAFE,PW,_T,_T,R,_T,_T,_T,_Z,_T,2016,99.18,PERCENT,G,_X,,,
SPC:DF_SDG_06(3.0),A,SH_H2O_SAFE,PW,_T,_T,R,_T,_T,_T,_Z,_T,2017,99.21,PERCENT,G,_X,,,
SPC:DF_SDG_06(3.0),A,SH_H2O_SAFE,PW,_T,_T,R,_T,_T,_T,_Z,_T,2018,99.24,PERCENT,G,_X,,,
SPC:DF_SDG_06(3.0),A,SH_H2O_SAFE,PW,_T,_T,R,_T,_T,_T,_Z,_T,2019,99.27,PERCENT,G,_X,,,
SPC:DF_SDG_06(3.0),A,SH_H2O_SAFE,PW,_T,_T,R,_T,_T,_T,_Z,_T,2020,99.3,PERCENT,G,_X,,,
SPC:DF_SDG_06(3.0),A,SH_H2O_SAFE,PW,_T,_T,R,_T,_T,_T,_Z,_T,2021,99.34,PERCENT,G,_X,,,
SPC:DF_SDG_06(3.0),A,SH_H2O_SAFE,PW,_T,_T,R,_T,_T,_T,_Z,_T,2022,99.37,PERCENT,G,_X,,,
SPC:DF_SDG_06(3.0),A,SH_H2O_SAFE,TV,_T,_T,R,_T,_T,_T,_Z,_T,2000,99.01,PERCENT,G,_X,,,
SPC:DF_SDG_06(3.0),A,SH_H2O_SAFE,TV,_T,_T,R,_T,_T,_T,_Z,_T,2001,99.05,PERCENT,G,_X,,,
SPC:DF_SDG_06(3.0),A,SH_H2O_SAFE,TV,_T,_T,R,_T,_T,_T,_Z,_T,2002,99.08,PERCENT,G,_X,,,
SPC:DF_SDG_06(3.0),A,SH_H2O_SAFE,TV,_T,_T,R,_T,_T,_T,_Z,_T,2003,99.11,PERCENT,G,_X,,,
SPC:DF_SDG_06(3.0),A,SH_H2O_SAFE,TV,_T,_T,R,_T,_T,_T,_Z,_T,2004,99.14,PERCENT,G,_X,,,
SPC:DF_SDG_06(3.0),A,SH_H2O_SAFE,TV,_T,_T,R,_T,_T,_T,_Z,_T,2005,99.18,PERCENT,G,_X,,,
SPC:DF_SDG_06(3.0),A,SH_H2O_SAFE,TV,_T,_T,R,_T,_T,_T,_Z,_T,2006,99.21,PERCENT,G,_X,,,
SPC:DF_SDG_06(3.0),A,SH_H2O_SAFE,TV,_T,_T,R,_T,_T,_T,_Z,_T,2007,99.24,PERCENT,G,_X,,,
SPC:DF_SDG_06(3.0),A,SH_H2O_SAFE,TV,_T,_T,R,_T,_T,_T,_Z,_T,2008,99.28,PERCENT,G,_X,,,
SPC:DF_SDG_06(3.0),A,SH_H2O_SAFE,TV,_T,_T,R,_T,_T,_T,_Z,_T,2009,99.31,PERCENT,G,_X,,,
SPC:DF_SDG_06(3.0),A,SH_H2O_SAFE,TV,_T,_T,R,_T,_T,_T,_Z,_T,2010,99.34,PERCENT,G,_X,,,
SPC:DF_SDG_06(3.0),A,SH_H2O_SAFE,TV,_T,_T,R,_T,_T,_T,_Z,_T,2011,99.38,PERCENT,G,_X,,,
SPC:DF_SDG_06(3.0),A,SH_H2O_SAFE,TV,_T,_T,R,_T,_T,_T,_Z,_T,2012,99.41,PERCENT,G,_X,,,
SPC:DF_SDG_06(3.0),A,SH_H2O_SAFE,TV,_T,_T,R,_T,_T,_T,_Z,_T,2013,99.44,PERCENT,G,_X,,,
SPC:DF_SDG_06(3.0),A,SH_H2O_SAFE,TV,_T,_T,R,_T,_T,_T,_Z,_T,2014,99.48,PERCENT,G,_X,,,
SPC:DF_SDG_06(3.0),A,SH_H2O_SAFE,TV,_T,_T,R,_T,_T,_T,_Z,_T,2015,99.51,PERCENT,G,_X,,,
SPC:DF_SDG_06(3.0),A,SH_H2O_SAFE,TV,_T,_T,R,_T,_T,_T,_Z,_T,2016,99.54,PERCENT,G,_X,,,
SPC:DF_SDG_06(3.0),A,SH_H2O_SAFE,TV,_T,_T,R,_T,_T,_T,_Z,_T,2017,99.57,PERCENT,G,_X,,,
SPC:DF_SDG_06(3.0),A,SH_H2O_SAFE,TV,_T,_T,R,_T,_T,_T,_Z,_T,2018,99.61,PERCENT,G,_X,,,
SPC:DF_SDG_06(3.0),A,SH_H2O_SAFE,TV,_T,_T,R,_T,_T,_T,_Z,_T,2019,99.64,PERCENT,G,_X,,,
SPC:DF_SDG_06(3.0),A,SH_H2O_SAFE,TV,_T,_T,R,_T,_T,_T,_Z,_T,2020,99.67,PERCENT,G,_X,,,
SPC:DF_SDG_06(3.0),A,SH_H2O_SAFE,TV,_T,_T,R,_T,_T,_T,_Z,_T,2021,99.71,PERCENT,G,_X,,,
SPC:DF_SDG_06(3.0),A,SH_H2O_SAFE,TV,_T,_T,R,_T,_T,_T,_Z,_T,2022,99.74,PERCENT,G,_X,,,
SPC:DF_SDG_06(3.0),A,SH_H2O_SAFE,VU,_T,_T,R,_T,_T,_T,_Z,_T,2000,79.71,PERCENT,G,_X,,,
SPC:DF_SDG_06(3.0),A,SH_H2O_SAFE,VU,_T,_T,R,_T,_T,_T,_Z,_T,2001,79.71,PERCENT,G,_X,,,
SPC:DF_SDG_06(3.0),A,SH_H2O_SAFE,VU,_T,_T,R,_T,_T,_T,_Z,_T,2002,79.71,PERCENT,G,_X,,,
SPC:DF_SDG_06(3.0),A,SH_H2O_SAFE,VU,_T,_T,R,_T,_T,_T,_Z,_T,2003,79.71,PERCENT,G,_X,,,
SPC:DF_SDG_06(3.0),A,SH_H2O_SAFE,VU,_T,_T,R,_T,_T,_T,_Z,_T,2004,79.71,PERCENT,G,_X,,,
SPC:DF_SDG_06(3.0),A,SH_H2O_SAFE,VU,_T,_T,R,_T,_T,_T,_Z,_T,2005,80.17,PERCENT,G,_X,,,
SPC:DF_SDG_06(3.0),A,SH_H2O_SAFE,VU,_T,_T,R,_T,_T,_T,_Z,_T,2006,80.66,PERCENT,G,_X,,,
SPC:DF_SDG_06(3.0),A,SH_H2O_SAFE,VU,_T,_T,R,_T,_T,_T,_Z,_T,2007,81.15,PERCENT,G,_X,,,
SPC:DF_SDG_06(3.0),A,SH_H2O_SAFE,VU,_T,_T,R,_T,_T,_T,_Z,_T,2008,81.65,PERCENT,G,_X,,,
SPC:DF_SDG_06(3.0),A,SH_H2O_SAFE,VU,_T,_T,R,_T,_T,_T,_Z,_T,2009,82.14,PERCENT,G,_X,,,
SPC:DF_SDG_06(3.0),A,SH_H2O_SAFE,VU,_T,_T,R,_T,_T,_T,_Z,_T,2010,82.64,PERCENT,G,_X,,,
SPC:DF_SDG_06(3.0),A,SH_H2O_SAFE,VU,_T,_T,R,_T,_T,_T,_Z,_T,2011,83.13,PERCENT,G,_X,,,
SPC:DF_SDG_06(3.0),A,SH_H2O_SAFE,VU,_T,_T,R,_T,_T,_T,_Z,_T,2012,83.63,PERCENT,G,_X,,,
SPC:DF_SDG_06(3.0),A,SH_H2O_SAFE,VU,_T,_T,R,_T,_T,_T,_Z,_T,2013,84.12,PERCENT,G,_X,,,
SPC:DF_SDG_06(3.0),A,SH_H2O_SAFE,VU,_T,_T,R,_T,_T,_T,_Z,_T,2014,84.62,PERCENT,G,_X,,,
SPC:DF_SDG_06(3.0),A,SH_H2O_SAFE,VU,_T,_T,R,_T,_T,_T,_Z,_T,2015,85.11,PERCENT,G,_X,,,
SPC:DF_SDG_06(3.0),A,SH_H2O_SAFE,VU,_T,_T,R,_T,_T,_T,_Z,_T,2016,85.61,PERCENT,G,_X,,,
SPC:DF_SDG_06(3.0),A,SH_H2O_SAFE,VU,_T,_T,R,_T,_T,_T,_Z,_T,2017,86.11,PERCENT,G,_X,,,
SPC:DF_SDG_06(3.0),A,SH_H2O_SAFE,VU,_T,_T,R,_T,_T,_T,_Z,_T,2018,86.61,PERCENT,G,_X,,,
SPC:DF_SDG_06(3.0),A,SH_H2O_SAFE,VU,_T,_T,R,_T,_T,_T,_Z,_T,2019,87.1,PERCENT,G,_X,,,
SPC:DF_SDG_06(3.0),A,SH_H2O_SAFE,VU,_T,_T,R,_T,_T,_T,_Z,_T,2020,87.6,PERCENT,G,_X,,,
SPC:DF_SDG_06(3.0),A,SH_H2O_SAFE,VU,_T,_T,R,_T,_T,_T,_Z,_T,2021,88.1,PERCENT,G,_X,,,
SPC:DF_SDG_06(3.0),A,SH_H2O_SAFE,VU,_T,_T,R,_T,_T,_T,_Z,_T,2022,88.6,PERCENT,G,_X,,,
SPC:DF_SDG_06(3.0),A,SH_H2O_SAFE,MH,_T,_T,U,_T,_T,_T,_Z,_T,2001,86.27,PERCENT,G,_X,,,
SPC:DF_SDG_06(3.0),A,SH_H2O_SAFE,MH,_T,_T,U,_T,_T,_T,_Z,_T,2002,86.27,PERCENT,G,_X,,,
SPC:DF_SDG_06(3.0),A,SH_H2O_SAFE,MH,_T,_T,U,_T,_T,_T,_Z,_T,2003,86.27,PERCENT,G,_X,,,
SPC:DF_SDG_06(3.0),A,SH_H2O_SAFE,MH,_T,_T,U,_T,_T,_T,_Z,_T,2004,86.27,PERCENT,G,_X,,,
SPC:DF_SDG_06(3.0),A,SH_H2O_SAFE,MH,_T,_T,U,_T,_T,_T,_Z,_T,2005,86.27,PERCENT,G,_X,,,
SPC:DF_SDG_06(3.0),A,SH_H2O_SAFE,MH,_T,_T,U,_T,_T,_T,_Z,_T,2006,86.17,PERCENT,G,_X,,,
SPC:DF_SDG_06(3.0),A,SH_H2O_SAFE,MH,_T,_T,U,_T,_T,_T,_Z,_T,2007,86.06,PERCENT,G,_X,,,
SPC:DF_SDG_06(3.0),A,SH_H2O_SAFE,MH,_T,_T,U,_T,_T,_T,_Z,_T,2008,85.96,PERCENT,G,_X,,,
SPC:DF_SDG_06(3.0),A,SH_H2O_SAFE,MH,_T,_T,U,_T,_T,_T,_Z,_T,2009,85.85,PERCENT,G,_X,,,
SPC:DF_SDG_06(3.0),A,SH_H2O_SAFE,MH,_T,_T,U,_T,_T,_T,_Z,_T,2010,85.74,PERCENT,G,_X,,,
SPC:DF_SDG_06(3.0),A,SH_H2O_SAFE,MH,_T,_T,U,_T,_T,_T,_Z,_T,2011,85.64,PERCENT,G,_X,,,
SPC:DF_SDG_06(3.0),A,SH_H2O_SAFE,MH,_T,_T,U,_T,_T,_T,_Z,_T,2012,85.53,PERCENT,G,_X,,,
SPC:DF_SDG_06(3.0),A,SH_H2O_SAFE,MH,_T,_T,U,_T,_T,_T,_Z,_T,2013,85.43,PERCENT,G,_X,,,
SPC:DF_SDG_06(3.0),A,SH_H2O_SAFE,MH,_T,_T,U,_T,_T,_T,_Z,_T,2014,85.32,PERCENT,G,_X,,,
SPC:DF_SDG_06(3.0),A,SH_H2O_SAFE,MH,_T,_T,U,_T,_T,_T,_Z,_T,2015,85.21,PERCENT,G,_X,,,
SPC:DF_SDG_06(3.0),A,SH_H2O_SAFE,MH,_T,_T,U,_T,_T,_T,_Z,_T,2016,85.11,PERCENT,G,_X,,,
SPC:DF_SDG_06(3.0),A,SH_H2O_SAFE,MH,_T,_T,U,_T,_T,_T,_Z,_T,2017,85,PERCENT,G,_X,,,
SPC:DF_SDG_06(3.0),A,SH_H2O_SAFE,MH,_T,_T,U,_T,_T,_T,_Z,_T,2018,84.9,PERCENT,G,_X,,,
SPC:DF_SDG_06(3.0),A,SH_H2O_SAFE,MH,_T,_T,U,_T,_T,_T,_Z,_T,2019,84.79,PERCENT,G,_X,,,
SPC:DF_SDG_06(3.0),A,SH_H2O_SAFE,MH,_T,_T,U,_T,_T,_T,_Z,_T,2020,84.68,PERCENT,G,_X,,,
SPC:DF_SDG_06(3.0),A,SH_H2O_SAFE,MH,_T,_T,U,_T,_T,_T,_Z,_T,2021,84.58,PERCENT,G,_X,,,
SPC:DF_SDG_06(3.0),A,SH_H2O_SAFE,MH,_T,_T,U,_T,_T,_T,_Z,_T,2022,84.47,PERCENT,G,_X,,,
SPC:DF_SDG_06(3.0),A,SH_H2O_SAFE,PW,_T,_T,_T,_T,_T,_T,_Z,_T,2000,99.36,PERCENT,G,_X,,,
SPC:DF_SDG_06(3.0),A,SH_H2O_SAFE,PW,_T,_T,_T,_T,_T,_T,_Z,_T,2001,99.36,PERCENT,G,_X,,,
SPC:DF_SDG_06(3.0),A,SH_H2O_SAFE,PW,_T,_T,_T,_T,_T,_T,_Z,_T,2002,99.37,PERCENT,G,_X,,,
SPC:DF_SDG_06(3.0),A,SH_H2O_SAFE,PW,_T,_T,_T,_T,_T,_T,_Z,_T,2003,99.38,PERCENT,G,_X,,,
SPC:DF_SDG_06(3.0),A,SH_H2O_SAFE,PW,_T,_T,_T,_T,_T,_T,_Z,_T,2004,99.39,PERCENT,G,_X,,,
SPC:DF_SDG_06(3.0),A,SH_H2O_SAFE,PW,_T,_T,_T,_T,_T,_T,_Z,_T,2005,99.41,PERCENT,G,_X,,,
SPC:DF_SDG_06(3.0),A,SH_H2O_SAFE,PW,_T,_T,_T,_T,_T,_T,_Z,_T,2006,99.42,PERCENT,G,_X,,,
SPC:DF_SDG_06(3.0),A,SH_H2O_SAFE,PW,_T,_T,_T,_T,_T,_T,_Z,_T,2007,99.43,PERCENT,G,_X,,,
SPC:DF_SDG_06(3.0),A,SH_H2O_SAFE,PW,_T,_T,_T,_T,_T,_T,_Z,_T,2008,99.45,PERCENT,G,_X,,,
SPC:DF_SDG_06(3.0),A,SH_H2O_SAFE,PW,_T,_T,_T,_T,_T,_T,_Z,_T,2009,99.46,PERCENT,G,_X,,,
SPC:DF_SDG_06(3.0),A,SH_H2O_SAFE,PW,_T,_T,_T,_T,_T,_T,_Z,_T,2010,99.47,PERCENT,G,_X,,,
SPC:DF_SDG_06(3.0),A,SH_H2O_SAFE,PW,_T,_T,_T,_T,_T,_T,_Z,_T,2011,99.48,PERCENT,G,_X,,,
SPC:DF_SDG_06(3.0),A,SH_H2O_SAFE,PW,_T,_T,_T,_T,_T,_T,_Z,_T,2012,99.49,PERCENT,G,_X,,,
SPC:DF_SDG_06(3.0),A,SH_H2O_SAFE,PW,_T,_T,_T,_T,_T,_T,_Z,_T,2013,99.5,PERCENT,G,_X,,,
SPC:DF_SDG_06(3.0),A,SH_H2O_SAFE,PW,_T,_T,_T,_T,_T,_T,_Z,_T,2014,99.51,PERCENT,G,_X,,,
SPC:DF_SDG_06(3.0),A,SH_H2O_SAFE,PW,_T,_T,_T,_T,_T,_T,_Z,_T,2015,99.52,PERCENT,G,_X,,,
SPC:DF_SDG_06(3.0),A,SH_H2O_SAFE,PW,_T,_T,_T,_T,_T,_T,_Z,_T,2016,99.53,PERCENT,G,_X,,,
SPC:DF_SDG_06(3.0),A,SH_H2O_SAFE,PW,_T,_T,_T,_T,_T,_T,_Z,_T,2017,99.54,PERCENT,G,_X,,,
SPC:DF_SDG_06(3.0),A,SH_H2O_SAFE,PW,_T,_T,_T,_T,_T,_T,_Z,_T,2018,99.54,PERCENT,G,_X,,,
SPC:DF_SDG_06(3.0),A,SH_H2O_SAFE,PW,_T,_T,_T,_T,_T,_T,_Z,_T,2019,99.55,PERCENT,G,_X,,,
SPC:DF_SDG_06(3.0),A,SH_H2O_SAFE,PW,_T,_T,_T,_T,_T,_T,_Z,_T,2020,99.56,PERCENT,G,_X,,,
SPC:DF_SDG_06(3.0),A,SH_H2O_SAFE,PW,_T,_T,_T,_T,_T,_T,_Z,_T,2021,99.56,PERCENT,G,_X,,,
SPC:DF_SDG_06(3.0),A,SH_H2O_SAFE,PW,_T,_T,_T,_T,_T,_T,_Z,_T,2022,99.57,PERCENT,G,_X,,,
SPC:DF_SDG_06(3.0),A,SH_H2O_SAFE,KI,_T,_T,U,_T,_T,_T,_Z,_T,2000,76.96,PERCENT,G,_X,,,
SPC:DF_SDG_06(3.0),A,SH_H2O_SAFE,KI,_T,_T,U,_T,_T,_T,_Z,_T,2001,77.72,PERCENT,G,_X,,,
SPC:DF_SDG_06(3.0),A,SH_H2O_SAFE,KI,_T,_T,U,_T,_T,_T,_Z,_T,2002,78.49,PERCENT,G,_X,,,
SPC:DF_SDG_06(3.0),A,SH_H2O_SAFE,KI,_T,_T,U,_T,_T,_T,_Z,_T,2003,79.25,PERCENT,G,_X,,,
SPC:DF_SDG_06(3.0),A,SH_H2O_SAFE,KI,_T,_T,U,_T,_T,_T,_Z,_T,2004,80.02,PERCENT,G,_X,,,
SPC:DF_SDG_06(3.0),A,SH_H2O_SAFE,KI,_T,_T,U,_T,_T,_T,_Z,_T,2005,80.78,PERCENT,G,_X,,,
SPC:DF_SDG_06(3.0),A,SH_H2O_SAFE,KI,_T,_T,U,_T,_T,_T,_Z,_T,2006,81.55,PERCENT,G,_X,,,
SPC:DF_SDG_06(3.0),A,SH_H2O_SAFE,KI,_T,_T,U,_T,_T,_T,_Z,_T,2007,82.32,PERCENT,G,_X,,,
SPC:DF_SDG_06(3.0),A,SH_H2O_SAFE,KI,_T,_T,U,_T,_T,_T,_Z,_T,2008,83.08,PERCENT,G,_X,,,
SPC:DF_SDG_06(3.0),A,SH_H2O_SAFE,KI,_T,_T,U,_T,_T,_T,_Z,_T,2009,83.68,PERCENT,G,_X,,,
SPC:DF_SDG_06(3.0),A,SH_H2O_SAFE,KI,_T,_T,U,_T,_T,_T,_Z,_T,2010,84.01,PERCENT,G,_X,,,
SPC:DF_SDG_06(3.0),A,SH_H2O_SAFE,KI,_T,_T,U,_T,_T,_T,_Z,_T,2011,84.33,PERCENT,G,_X,,,
SPC:DF_SDG_06(3.0),A,SH_H2O_SAFE,KI,_T,_T,U,_T,_T,_T,_Z,_T,2012,84.65,PERCENT,G,_X,,,
SPC:DF_SDG_06(3.0),A,SH_H2O_SAFE,KI,_T,_T,U,_T,_T,_T,_Z,_T,2013,84.96,PERCENT,G,_X,,,
SPC:DF_SDG_06(3.0),A,SH_H2O_SAFE,KI,_T,_T,U,_T,_T,_T,_Z,_T,2014,85.26,PERCENT,G,_X,,,
SPC:DF_SDG_06(3.0),A,SH_H2O_SAFE,KI,_T,_T,U,_T,_T,_T,_Z,_T,2015,85.55,PERCENT,G,_X,,,
SPC:DF_SDG_06(3.0),A,SH_H2O_SAFE,KI,_T,_T,U,_T,_T,_T,_Z,_T,2016,85.84,PERCENT,G,_X,,,
SPC:DF_SDG_06(3.0),A,SH_H2O_SAFE,KI,_T,_T,U,_T,_T,_T,_Z,_T,2017,86.11,PERCENT,G,_X,,,
SPC:DF_SDG_06(3.0),A,SH_H2O_SAFE,KI,_T,_T,U,_T,_T,_T,_Z,_T,2018,86.38,PERCENT,G,_X,,,
SPC:DF_SDG_06(3.0),A,SH_H2O_SAFE,KI,_T,_T,U,_T,_T,_T,_Z,_T,2019,86.64,PERCENT,G,_X,,,
SPC:DF_SDG_06(3.0),A,SH_H2O_SAFE,KI,_T,_T,U,_T,_T,_T,_Z,_T,2020,86.9,PERCENT,G,_X,,,
SPC:DF_SDG_06(3.0),A,SH_H2O_SAFE,KI,_T,_T,U,_T,_T,_T,_Z,_T,2021,87.14,PERCENT,G,_X,,,
SPC:DF_SDG_06(3.0),A,SH_H2O_SAFE,KI,_T,_T,U,_T,_T,_T,_Z,_T,2022,87.86,PERCENT,G,_X,,,
SPC:DF_SDG_06(3.0),A,SH_H2O_SAFE,NR,_T,_T,U,_T,_T,_T,_Z,_T,2000,98.08,PERCENT,G,_X,,,
SPC:DF_SDG_06(3.0),A,SH_H2O_SAFE,NR,_T,_T,U,_T,_T,_T,_Z,_T,2001,98.01,PERCENT,G,_X,,,
SPC:DF_SDG_06(3.0),A,SH_H2O_SAFE,NR,_T,_T,U,_T,_T,_T,_Z,_T,2002,97.94,PERCENT,G,_X,,,
SPC:DF_SDG_06(3.0),A,SH_H2O_SAFE,NR,_T,_T,U,_T,_T,_T,_Z,_T,2003,97.87,PERCENT,G,_X,,,
SPC:DF_SDG_06(3.0),A,SH_H2O_SAFE,NR,_T,_T,U,_T,_T,_T,_Z,_T,2004,97.79,PERCENT,G,_X,,,
SPC:DF_SDG_06(3.0),A,SH_H2O_SAFE,NR,_T,_T,U,_T,_T,_T,_Z,_T,2005,97.72,PERCENT,G,_X,,,
SPC:DF_SDG_06(3.0),A,SH_H2O_SAFE,NR,_T,_T,U,_T,_T,_T,_Z,_T,2006,97.65,PERCENT,G,_X,,,
SPC:DF_SDG_06(3.0),A,SH_H2O_SAFE,NR,_T,_T,U,_T,_T,_T,_Z,_T,2007,97.58,PERCENT,G,_X,,,
SPC:DF_SDG_06(3.0),A,SH_H2O_SAFE,NR,_T,_T,U,_T,_T,_T,_Z,_T,2008,97.51,PERCENT,G,_X,,,
SPC:DF_SDG_06(3.0),A,SH_H2O_SAFE,NR,_T,_T,U,_T,_T,_T,_Z,_T,2009,97.43,PERCENT,G,_X,,,
SPC:DF_SDG_06(3.0),A,SH_H2O_SAFE,NR,_T,_T,U,_T,_T,_T,_Z,_T,2010,97.36,PERCENT,G,_X,,,
SPC:DF_SDG_06(3.0),A,SH_H2O_SAFE,NR,_T,_T,U,_T,_T,_T,_Z,_T,2011,97.29,PERCENT,G,_X,,,
SPC:DF_SDG_06(3.0),A,SH_H2O_SAFE,NR,_T,_T,U,_T,_T,_T,_Z,_T,2012,97.22,PERCENT,G,_X,,,
SPC:DF_SDG_06(3.0),A,SH_H2O_SAFE,NR,_T,_T,U,_T,_T,_T,_Z,_T,2013,97.15,PERCENT,G,_X,,,
SPC:DF_SDG_06(3.0),A,SH_H2O_SAFE,NR,_T,_T,U,_T,_T,_T,_Z,_T,2014,97.08,PERCENT,G,_X,,,
SPC:DF_SDG_06(3.0),A,SH_H2O_SAFE,NR,_T,_T,U,_T,_T,_T,_Z,_T,2015,97,PERCENT,G,_X,,,
SPC:DF_SDG_06(3.0),A,SH_H2O_SAFE,NR,_T,_T,U,_T,_T,_T,_Z,_T,2016,97,PERCENT,G,_X,,,
SPC:DF_SDG_06(3.0),A,SH_H2O_SAFE,NR,_T,_T,U,_T,_T,_T,_Z,_T,2017,97,PERCENT,G,_X,,,
SPC:DF_SDG_06(3.0),A,SH_H2O_SAFE,NR,_T,_T,U,_T,_T,_T,_Z,_T,2018,97,PERCENT,G,_X,,,
SPC:DF_SDG_06(3.0),A,SH_H2O_SAFE,NR,_T,_T,U,_T,_T,_T,_Z,_T,2019,97,PERCENT,G,_X,,,
SPC:DF_SDG_06(3.0),A,SH_H2O_SAFE,NR,_T,_T,U,_T,_T,_T,_Z,_T,2020,100,PERCENT,G,_X,,,
SPC:DF_SDG_06(3.0),A,SH_H2O_SAFE,PG,_T,_T,R,_T,_T,_T,_Z,_T,2000,23.93,PERCENT,G,_X,,,
SPC:DF_SDG_06(3.0),A,SH_H2O_SAFE,PG,_T,_T,R,_T,_T,_T,_Z,_T,2001,23.93,PERCENT,G,_X,,,
SPC:DF_SDG_06(3.0),A,SH_H2O_SAFE,PG,_T,_T,R,_T,_T,_T,_Z,_T,2002,23.93,PERCENT,G,_X,,,
SPC:DF_SDG_06(3.0),A,SH_H2O_SAFE,PG,_T,_T,R,_T,_T,_T,_Z,_T,2003,23.93,PERCENT,G,_X,,,
SPC:DF_SDG_06(3.0),A,SH_H2O_SAFE,PG,_T,_T,R,_T,_T,_T,_Z,_T,2004,23.93,PERCENT,G,_X,,,
SPC:DF_SDG_06(3.0),A,SH_H2O_SAFE,PG,_T,_T,R,_T,_T,_T,_Z,_T,2005,25.13,PERCENT,G,_X,,,
SPC:DF_SDG_06(3.0),A,SH_H2O_SAFE,PG,_T,_T,R,_T,_T,_T,_Z,_T,2006,26.33,PERCENT,G,_X,,,
SPC:DF_SDG_06(3.0),A,SH_H2O_SAFE,PG,_T,_T,R,_T,_T,_T,_Z,_T,2007,27.53,PERCENT,G,_X,,,
SPC:DF_SDG_06(3.0),A,SH_H2O_SAFE,PG,_T,_T,R,_T,_T,_T,_Z,_T,2008,28.73,PERCENT,G,_X,,,
SPC:DF_SDG_06(3.0),A,SH_H2O_SAFE,PG,_T,_T,R,_T,_T,_T,_Z,_T,2009,29.87,PERCENT,G,_X,,,
SPC:DF_SDG_06(3.0),A,SH_H2O_SAFE,PG,_T,_T,R,_T,_T,_T,_Z,_T,2010,31.01,PERCENT,G,_X,,,
SPC:DF_SDG_06(3.0),A,SH_H2O_SAFE,PG,_T,_T,R,_T,_T,_T,_Z,_T,2011,32.14,PERCENT,G,_X,,,
SPC:DF_SDG_06(3.0),A,SH_H2O_SAFE,PG,_T,_T,R,_T,_T,_T,_Z,_T,2012,33.27,PERCENT,G,_X,,,
SPC:DF_SDG_06(3.0),A,SH_H2O_SAFE,PG,_T,_T,R,_T,_T,_T,_Z,_T,2013,34.39,PERCENT,G,_X,,,
SPC:DF_SDG_06(3.0),A,SH_H2O_SAFE,PG,_T,_T,R,_T,_T,_T,_Z,_T,2014,35.51,PERCENT,G,_X,,,
SPC:DF_SDG_06(3.0),A,SH_H2O_SAFE,PG,_T,_T,R,_T,_T,_T,_Z,_T,2015,36.63,PERCENT,G,_X,,,
SPC:DF_SDG_06(3.0),A,SH_H2O_SAFE,PG,_T,_T,R,_T,_T,_T,_Z,_T,2016,37.73,PERCENT,G,_X,,,
SPC:DF_SDG_06(3.0),A,SH_H2O_SAFE,PG,_T,_T,R,_T,_T,_T,_Z,_T,2017,38.84,PERCENT,G,_X,,,
SPC:DF_SDG_06(3.0),A,SH_H2O_SAFE,PG,_T,_T,R,_T,_T,_T,_Z,_T,2018,39.94,PERCENT,G,_X,,,
SPC:DF_SDG_06(3.0),A,SH_H2O_SAFE,PG,_T,_T,R,_T,_T,_T,_Z,_T,2019,41.03,PERCENT,G,_X,,,
SPC:DF_SDG_06(3.0),A,SH_H2O_SAFE,PG,_T,_T,R,_T,_T,_T,_Z,_T,2020,42.12,PERCENT,G,_X,,,
SPC:DF_SDG_06(3.0),A,SH_H2O_SAFE,PG,_T,_T,R,_T,_T,_T,_Z,_T,2021,43.29,PERCENT,G,_X,,,
SPC:DF_SDG_06(3.0),A,SH_H2O_SAFE,PG,_T,_T,R,_T,_T,_T,_Z,_T,2022,44.47,PERCENT,G,_X,,,
SPC:DF_SDG_06(3.0),A,SH_H2O_SAFE,PW,_T,_T,U,_T,_T,_T,_Z,_T,2000,99.65,PERCENT,G,_X,,,
SPC:DF_SDG_06(3.0),A,SH_H2O_SAFE,PW,_T,_T,U,_T,_T,_T,_Z,_T,2001,99.64,PERCENT,G,_X,,,
SPC:DF_SDG_06(3.0),A,SH_H2O_SAFE,PW,_T,_T,U,_T,_T,_T,_Z,_T,2002,99.64,PERCENT,G,_X,,,
SPC:DF_SDG_06(3.0),A,SH_H2O_SAFE,PW,_T,_T,U,_T,_T,_T,_Z,_T,2003,99.64,PERCENT,G,_X,,,
SPC:DF_SDG_06(3.0),A,SH_H2O_SAFE,PW,_T,_T,U,_T,_T,_T,_Z,_T,2004,99.64,PERCENT,G,_X,,,
SPC:DF_SDG_06(3.0),A,SH_H2O_SAFE,PW,_T,_T,U,_T,_T,_T,_Z,_T,2005,99.64,PERCENT,G,_X,,,
SPC:DF_SDG_06(3.0),A,SH_H2O_SAFE,PW,_T,_T,U,_T,_T,_T,_Z,_T,2006,99.64,PERCENT,G,_X,,,
SPC:DF_SDG_06(3.0),A,SH_H2O_SAFE,PW,_T,_T,U,_T,_T,_T,_Z,_T,2007,99.64,PERCENT,G,_X,,,
SPC:DF_SDG_06(3.0),A,SH_H2O_SAFE,PW,_T,_T,U,_T,_T,_T,_Z,_T,2008,99.63,PERCENT,G,_X,,,
SPC:DF_SDG_06(3.0),A,SH_H2O_SAFE,PW,_T,_T,U,_T,_T,_T,_Z,_T,2009,99.63,PERCENT,G,_X,,,
SPC:DF_SDG_06(3.0),A,SH_H2O_SAFE,PW,_T,_T,U,_T,_T,_T,_Z,_T,2010,99.63,PERCENT,G,_X,,,
SPC:DF_SDG_06(3.0),A,SH_H2O_SAFE,PW,_T,_T,U,_T,_T,_T,_Z,_T,2011,99.63,PERCENT,G,_X,,,
SPC:DF_SDG_06(3.0),A,SH_H2O_SAFE,PW,_T,_T,U,_T,_T,_T,_Z,_T,2012,99.63,PERCENT,G,_X,,,
SPC:DF_SDG_06(3.0),A,SH_H2O_SAFE,PW,_T,_T,U,_T,_T,_T,_Z,_T,2013,99.63,PERCENT,G,_X,,,
SPC:DF_SDG_06(3.0),A,SH_H2O_SAFE,PW,_T,_T,U,_T,_T,_T,_Z,_T,2014,99.63,PERCENT,G,_X,,,
SPC:DF_SDG_06(3.0),A,SH_H2O_SAFE,PW,_T,_T,U,_T,_T,_T,_Z,_T,2015,99.62,PERCENT,G,_X,,,
SPC:DF_SDG_06(3.0),A,SH_H2O_SAFE,PW,_T,_T,U,_T,_T,_T,_Z,_T,2016,99.62,PERCENT,G,_X,,,
SPC:DF_SDG_06(3.0),A,SH_H2O_SAFE,PW,_T,_T,U,_T,_T,_T,_Z,_T,2017,99.62,PERCENT,G,_X,,,
SPC:DF_SDG_06(3.0),A,SH_H2O_SAFE,PW,_T,_T,U,_T,_T,_T,_Z,_T,2018,99.62,PERCENT,G,_X,,,
SPC:DF_SDG_06(3.0),A,SH_H2O_SAFE,PW,_T,_T,U,_T,_T,_T,_Z,_T,2019,99.62,PERCENT,G,_X,,,
SPC:DF_SDG_06(3.0),A,SH_H2O_SAFE,PW,_T,_T,U,_T,_T,_T,_Z,_T,2020,99.62,PERCENT,G,_X,,,
SPC:DF_SDG_06(3.0),A,SH_H2O_SAFE,PW,_T,_T,U,_T,_T,_T,_Z,_T,2021,99.62,PERCENT,G,_X,,,
SPC:DF_SDG_06(3.0),A,SH_H2O_SAFE,PW,_T,_T,U,_T,_T,_T,_Z,_T,2022,99.61,PERCENT,G,_X,,,
SPC:DF_SDG_06(3.0),A,SH_H2O_SAFE,KI,_T,_T,R,_T,_T,_T,_Z,_T,2000,48.8,PERCENT,G,_X,,,
SPC:DF_SDG_06(3.0),A,SH_H2O_SAFE,KI,_T,_T,R,_T,_T,_T,_Z,_T,2001,49.33,PERCENT,G,_X,,,
SPC:DF_SDG_06(3.0),A,SH_H2O_SAFE,KI,_T,_T,R,_T,_T,_T,_Z,_T,2002,49.86,PERCENT,G,_X,,,
SPC:DF_SDG_06(3.0),A,SH_H2O_SAFE,KI,_T,_T,R,_T,_T,_T,_Z,_T,2003,50.39,PERCENT,G,_X,,,
SPC:DF_SDG_06(3.0),A,SH_H2O_SAFE,KI,_T,_T,R,_T,_T,_T,_Z,_T,2004,50.93,PERCENT,G,_X,,,
SPC:DF_SDG_06(3.0),A,SH_H2O_SAFE,KI,_T,_T,R,_T,_T,_T,_Z,_T,2005,51.46,PERCENT,G,_X,,,
SPC:DF_SDG_06(3.0),A,SH_H2O_SAFE,KI,_T,_T,R,_T,_T,_T,_Z,_T,2006,51.99,PERCENT,G,_X,,,
SPC:DF_SDG_06(3.0),A,SH_H2O_SAFE,KI,_T,_T,R,_T,_T,_T,_Z,_T,2007,52.52,PERCENT,G,_X,,,
SPC:DF_SDG_06(3.0),A,SH_H2O_SAFE,KI,_T,_T,R,_T,_T,_T,_Z,_T,2008,53,PERCENT,G,_X,,,
SPC:DF_SDG_06(3.0),A,SH_H2O_SAFE,KI,_T,_T,R,_T,_T,_T,_Z,_T,2009,53.47,PERCENT,G,_X,,,
SPC:DF_SDG_06(3.0),A,SH_H2O_SAFE,KI,_T,_T,R,_T,_T,_T,_Z,_T,2010,53.93,PERCENT,G,_X,,,
SPC:DF_SDG_06(3.0),A,SH_H2O_SAFE,KI,_T,_T,R,_T,_T,_T,_Z,_T,2011,54.4,PERCENT,G,_X,,,
SPC:DF_SDG_06(3.0),A,SH_H2O_SAFE,KI,_T,_T,R,_T,_T,_T,_Z,_T,2012,54.87,PERCENT,G,_X,,,
SPC:DF_SDG_06(3.0),A,SH_H2O_SAFE,KI,_T,_T,R,_T,_T,_T,_Z,_T,2013,55.33,PERCENT,G,_X,,,
SPC:DF_SDG_06(3.0),A,SH_H2O_SAFE,KI,_T,_T,R,_T,_T,_T,_Z,_T,2014,55.8,PERCENT,G,_X,,,
SPC:DF_SDG_06(3.0),A,SH_H2O_SAFE,KI,_T,_T,R,_T,_T,_T,_Z,_T,2015,56.26,PERCENT,G,_X,,,
SPC:DF_SDG_06(3.0),A,SH_H2O_SAFE,KI,_T,_T,R,_T,_T,_T,_Z,_T,2016,56.72,PERCENT,G,_X,,,
SPC:DF_SDG_06(3.0),A,SH_H2O_SAFE,KI,_T,_T,R,_T,_T,_T,_Z,_T,2017,57.18,PERCENT,G,_X,,,
SPC:DF_SDG_06(3.0),A,SH_H2O_SAFE,KI,_T,_T,R,_T,_T,_T,_Z,_T,2018,57.64,PERCENT,G,_X,,,
SPC:DF_SDG_06(3.0),A,SH_H2O_SAFE,KI,_T,_T,R,_T,_T,_T,_Z,_T,2019,58.1,PERCENT,G,_X,,,
SPC:DF_SDG_06(3.0),A,SH_H2O_SAFE,KI,_T,_T,R,_T,_T,_T,_Z,_T,2020,58.55,PERCENT,G,_X,,,
SPC:DF_SDG_06(3.0),A,SH_H2O_SAFE,KI,_T,_T,R,_T,_T,_T,_Z,_T,2021,59.01,PERCENT,G,_X,,,
SPC:DF_SDG_06(3.0),A,SH_H2O_SAFE,KI,_T,_T,R,_T,_T,_T,_Z,_T,2022,59.53,PERCENT,G,_X,,,
SPC:DF_SDG_06(3.0),A,SH_H2O_SAFE,FM,_T,_T,_T,_T,_T,_T,_Z,_T,2000,91.09,PERCENT,G,_X,,,
SPC:DF_SDG_06(3.0),A,SH_H2O_SAFE,FM,_T,_T,_T,_T,_T,_T,_Z,_T,2001,91.03,PERCENT,G,_X,,,
SPC:DF_SDG_06(3.0),A,SH_H2O_SAFE,FM,_T,_T,_T,_T,_T,_T,_Z,_T,2002,90.97,PERCENT,G,_X,,,
SPC:DF_SDG_06(3.0),A,SH_H2O_SAFE,FM,_T,_T,_T,_T,_T,_T,_Z,_T,2003,90.91,PERCENT,G,_X,,,
SPC:DF_SDG_06(3.0),A,SH_H2O_SAFE,FM,_T,_T,_T,_T,_T,_T,_Z,_T,2004,90.85,PERCENT,G,_X,,,
SPC:DF_SDG_06(3.0),A,SH_H2O_SAFE,FM,_T,_T,_T,_T,_T,_T,_Z,_T,2005,90.78,PERCENT,G,_X,,,
SPC:DF_SDG_06(3.0),A,SH_H2O_SAFE,FM,_T,_T,_T,_T,_T,_T,_Z,_T,2006,90.72,PERCENT,G,_X,,,
SPC:DF_SDG_06(3.0),A,SH_H2O_SAFE,FM,_T,_T,_T,_T,_T,_T,_Z,_T,2007,90.66,PERCENT,G,_X,,,
SPC:DF_SDG_06(3.0),A,SH_H2O_SAFE,FM,_T,_T,_T,_T,_T,_T,_Z,_T,2008,90.6,PERCENT,G,_X,,,
SPC:DF_SDG_06(3.0),A,SH_H2O_SAFE,FM,_T,_T,_T,_T,_T,_T,_Z,_T,2009,90.54,PERCENT,G,_X,,,
SPC:DF_SDG_06(3.0),A,SH_H2O_SAFE,FM,_T,_T,_T,_T,_T,_T,_Z,_T,2010,90.48,PERCENT,G,_X,,,
SPC:DF_SDG_06(3.0),A,SH_H2O_SAFE,FM,_T,_T,_T,_T,_T,_T,_Z,_T,2011,90.42,PERCENT,G,_X,,,
SPC:DF_SDG_06(3.0),A,SH_H2O_SAFE,FM,_T,_T,_T,_T,_T,_T,_Z,_T,2012,90.36,PERCENT,G,_X,,,
SPC:DF_SDG_06(3.0),A,SH_H2O_SAFE,FM,_T,_T,_T,_T,_T,_T,_Z,_T,2013,90.3,PERCENT,G,_X,,,
SPC:DF_SDG_06(3.0),A,SH_H2O_SAFE,FM,_T,_T,_T,_T,_T,_T,_Z,_T,2014,90.24,PERCENT,G,_X,,,
SPC:DF_SDG_06(3.0),A,SH_H2O_SAFE,FM,_T,_T,_T,_T,_T,_T,_Z,_T,2015,90.18,PERCENT,G,_X,,,
SPC:DF_SDG_06(3.0),A,SH_H2O_SAFE,FM,_T,_T,_T,_T,_T,_T,_Z,_T,2016,90.11,PERCENT,G,_X,,,
SPC:DF_SDG_06(3.0),A,SH_H2O_SAFE,FM,_T,_T,_T,_T,_T,_T,_Z,_T,2017,90.11,PERCENT,G,_X,,,
SPC:DF_SDG_06(3.0),A,SH_H2O_SAFE,FM,_T,_T,_T,_T,_T,_T,_Z,_T,2018,90.11,PERCENT,G,_X,,,
SPC:DF_SDG_06(3.0),A,SH_H2O_SAFE,FM,_T,_T,_T,_T,_T,_T,_Z,_T,2019,90.11,PERCENT,G,_X,,,
SPC:DF_SDG_06(3.0),A,SH_H2O_SAFE,FM,_T,_T,_T,_T,_T,_T,_Z,_T,2020,90.11,PERCENT,G,_X,,,
SPC:DF_SDG_06(3.0),A,SH_H2O_SAFE,SB,_T,_T,_T,_T,_T,_T,_Z,_T,2000,78.68,PERCENT,G,_X,,,
SPC:DF_SDG_06(3.0),A,SH_H2O_SAFE,SB,_T,_T,_T,_T,_T,_T,_Z,_T,2001,78.74,PERCENT,G,_X,,,
SPC:DF_SDG_06(3.0),A,SH_H2O_SAFE,SB,_T,_T,_T,_T,_T,_T,_Z,_T,2002,78.79,PERCENT,G,_X,,,
SPC:DF_SDG_06(3.0),A,SH_H2O_SAFE,SB,_T,_T,_T,_T,_T,_T,_Z,_T,2003,78.85,PERCENT,G,_X,,,
SPC:DF_SDG_06(3.0),A,SH_H2O_SAFE,SB,_T,_T,_T,_T,_T,_T,_Z,_T,2004,78.91,PERCENT,G,_X,,,
SPC:DF_SDG_06(3.0),A,SH_H2O_SAFE,SB,_T,_T,_T,_T,_T,_T,_Z,_T,2005,78.11,PERCENT,G,_X,,,
SPC:DF_SDG_06(3.0),A,SH_H2O_SAFE,SB,_T,_T,_T,_T,_T,_T,_Z,_T,2006,77.15,PERCENT,G,_X,,,
SPC:DF_SDG_06(3.0),A,SH_H2O_SAFE,SB,_T,_T,_T,_T,_T,_T,_Z,_T,2007,76.21,PERCENT,G,_X,,,
SPC:DF_SDG_06(3.0),A,SH_H2O_SAFE,SB,_T,_T,_T,_T,_T,_T,_Z,_T,2008,75.29,PERCENT,G,_X,,,
SPC:DF_SDG_06(3.0),A,SH_H2O_SAFE,SB,_T,_T,_T,_T,_T,_T,_Z,_T,2009,74.39,PERCENT,G,_X,,,
SPC:DF_SDG_06(3.0),A,SH_H2O_SAFE,SB,_T,_T,_T,_T,_T,_T,_Z,_T,2010,73.5,PERCENT,G,_X,,,
SPC:DF_SDG_06(3.0),A,SH_H2O_SAFE,SB,_T,_T,_T,_T,_T,_T,_Z,_T,2011,72.63,PERCENT,G,_X,,,
SPC:DF_SDG_06(3.0),A,SH_H2O_SAFE,SB,_T,_T,_T,_T,_T,_T,_Z,_T,2012,71.78,PERCENT,G,_X,,,
SPC:DF_SDG_06(3.0),A,SH_H2O_SAFE,SB,_T,_T,_T,_T,_T,_T,_Z,_T,2013,70.95,PERCENT,G,_X,,,
SPC:DF_SDG_06(3.0),A,SH_H2O_SAFE,SB,_T,_T,_T,_T,_T,_T,_Z,_T,2014,70.13,PERCENT,G,_X,,,
SPC:DF_SDG_06(3.0),A,SH_H2O_SAFE,SB,_T,_T,_T,_T,_T,_T,_Z,_T,2015,69.33,PERCENT,G,_X,,,
SPC:DF_SDG_06(3.0),A,SH_H2O_SAFE,SB,_T,_T,_T,_T,_T,_T,_Z,_T,2016,68.54,PERCENT,G,_X,,,
SPC:DF_SDG_06(3.0),A,SH_H2O_SAFE,SB,_T,_T,_T,_T,_T,_T,_Z,_T,2017,67.78,PERCENT,G,_X,,,
SPC:DF_SDG_06(3.0),A,SH_H2O_SAFE,SB,_T,_T,_T,_T,_T,_T,_Z,_T,2018,67.01,PERCENT,G,_X,,,
SPC:DF_SDG_06(3.0),A,SH_H2O_SAFE,SB,_T,_T,_T,_T,_T,_T,_Z,_T,2019,67.15,PERCENT,G,_X,,,
SPC:DF_SDG_06(3.0),A,SH_H2O_SAFE,SB,_T,_T,_T,_T,_T,_T,_Z,_T,2020,67.3,PERCENT,G,_X,,,
SPC:DF_SDG_06(3.0),A,SH_H2O_SAFE,SB,_T,_T,_T,_T,_T,_T,_Z,_T,2021,67.45,PERCENT,G,_X,,,
SPC:DF_SDG_06(3.0),A,SH_H2O_SAFE,PG,_T,_T,_T,_T,_T,_T,_Z,_T,2000,31.75,PERCENT,G,_X,,,
SPC:DF_SDG_06(3.0),A,SH_H2O_SAFE,PG,_T,_T,_T,_T,_T,_T,_Z,_T,2001,31.74,PERCENT,G,_X,,,
SPC:DF_SDG_06(3.0),A,SH_H2O_SAFE,PG,_T,_T,_T,_T,_T,_T,_Z,_T,2002,31.73,PERCENT,G,_X,,,
SPC:DF_SDG_06(3.0),A,SH_H2O_SAFE,PG,_T,_T,_T,_T,_T,_T,_Z,_T,2003,31.72,PERCENT,G,_X,,,
SPC:DF_SDG_06(3.0),A,SH_H2O_SAFE,PG,_T,_T,_T,_T,_T,_T,_Z,_T,2004,31.71,PERCENT,G,_X,,,
SPC:DF_SDG_06(3.0),A,SH_H2O_SAFE,PG,_T,_T,_T,_T,_T,_T,_Z,_T,2005,32.74,PERCENT,G,_X,,,
SPC:DF_SDG_06(3.0),A,SH_H2O_SAFE,PG,_T,_T,_T,_T,_T,_T,_Z,_T,2006,33.77,PERCENT,G,_X,,,
SPC:DF_SDG_06(3.0),A,SH_H2O_SAFE,PG,_T,_T,_T,_T,_T,_T,_Z,_T,2007,34.8,PERCENT,G,_X,,,
SPC:DF_SDG_06(3.0),A,SH_H2O_SAFE,PG,_T,_T,_T,_T,_T,_T,_Z,_T,2008,35.83,PERCENT,G,_X,,,
SPC:DF_SDG_06(3.0),A,SH_H2O_SAFE,PG,_T,_T,_T,_T,_T,_T,_Z,_T,2009,36.86,PERCENT,G,_X,,,
SPC:DF_SDG_06(3.0),A,SH_H2O_SAFE,PG,_T,_T,_T,_T,_T,_T,_Z,_T,2010,37.88,PERCENT,G,_X,,,
SPC:DF_SDG_06(3.0),A,SH_H2O_SAFE,PG,_T,_T,_T,_T,_T,_T,_Z,_T,2011,38.9,PERCENT,G,_X,,,
SPC:DF_SDG_06(3.0),A,SH_H2O_SAFE,PG,_T,_T,_T,_T,_T,_T,_Z,_T,2012,39.91,PERCENT,G,_X,,,
SPC:DF_SDG_06(3.0),A,SH_H2O_SAFE,PG,_T,_T,_T,_T,_T,_T,_Z,_T,2013,40.93,PERCENT,G,_X,,,
SPC:DF_SDG_06(3.0),A,SH_H2O_SAFE,PG,_T,_T,_T,_T,_T,_T,_Z,_T,2014,41.95,PERCENT,G,_X,,,
SPC:DF_SDG_06(3.0),A,SH_H2O_SAFE,PG,_T,_T,_T,_T,_T,_T,_Z,_T,2015,42.97,PERCENT,G,_X,,,
SPC:DF_SDG_06(3.0),A,SH_H2O_SAFE,PG,_T,_T,_T,_T,_T,_T,_Z,_T,2016,43.99,PERCENT,G,_X,,,
SPC:DF_SDG_06(3.0),A,SH_H2O_SAFE,PG,_T,_T,_T,_T,_T,_T,_Z,_T,2017,45.02,PERCENT,G,_X,,,
SPC:DF_SDG_06(3.0),A,SH_H2O_SAFE,PG,_T,_T,_T,_T,_T,_T,_Z,_T,2018,46.05,PERCENT,G,_X,,,
SPC:DF_SDG_06(3.0),A,SH_H2O_SAFE,PG,_T,_T,_T,_T,_T,_T,_Z,_T,2019,47.08,PERCENT,G,_X,,,
SPC:DF_SDG_06(3.0),A,SH_H2O_SAFE,PG,_T,_T,_T,_T,_T,_T,_Z,_T,2020,48.11,PERCENT,G,_X,,,
SPC:DF_SDG_06(3.0),A,SH_H2O_SAFE,PG,_T,_T,_T,_T,_T,_T,_Z,_T,2021,49.17,PERCENT,G,_X,,,
SPC:DF_SDG_06(3.0),A,SH_H2O_SAFE,PG,_T,_T,_T,_T,_T,_T,_Z,_T,2022,50.24,PERCENT,G,_X,,,
SPC:DF_SDG_06(3.0),A,SH_H2O_SAFE,SB,_T,_T,U,_T,_T,_T,_Z,_T,2000,90.45,PERCENT,G,_X,,,
SPC:DF_SDG_06(3.0),A,SH_H2O_SAFE,SB,_T,_T,U,_T,_T,_T,_Z,_T,2001,90.45,PERCENT,G,_X,,,
SPC:DF_SDG_06(3.0),A,SH_H2O_SAFE,SB,_T,_T,U,_T,_T,_T,_Z,_T,2002,90.45,PERCENT,G,_X,,,
SPC:DF_SDG_06(3.0),A,SH_H2O_SAFE,SB,_T,_T,U,_T,_T,_T,_Z,_T,2003,90.45,PERCENT,G,_X,,,
SPC:DF_SDG_06(3.0),A,SH_H2O_SAFE,SB,_T,_T,U,_T,_T,_T,_Z,_T,2004,90.45,PERCENT,G,_X,,,
SPC:DF_SDG_06(3.0),A,SH_H2O_SAFE,SB,_T,_T,U,_T,_T,_T,_Z,_T,2005,90.55,PERCENT,G,_X,,,
SPC:DF_SDG_06(3.0),A,SH_H2O_SAFE,SB,_T,_T,U,_T,_T,_T,_Z,_T,2006,90.62,PERCENT,G,_X,,,
SPC:DF_SDG_06(3.0),A,SH_H2O_SAFE,SB,_T,_T,U,_T,_T,_T,_Z,_T,2007,90.69,PERCENT,G,_X,,,
SPC:DF_SDG_06(3.0),A,SH_H2O_SAFE,SB,_T,_T,U,_T,_T,_T,_Z,_T,2008,90.76,PERCENT,G,_X,,,
SPC:DF_SDG_06(3.0),A,SH_H2O_SAFE,SB,_T,_T,U,_T,_T,_T,_Z,_T,2009,90.83,PERCENT,G,_X,,,
SPC:DF_SDG_06(3.0),A,SH_H2O_SAFE,SB,_T,_T,U,_T,_T,_T,_Z,_T,2010,90.91,PERCENT,G,_X,,,
SPC:DF_SDG_06(3.0),A,SH_H2O_SAFE,SB,_T,_T,U,_T,_T,_T,_Z,_T,2011,90.98,PERCENT,G,_X,,,
SPC:DF_SDG_06(3.0),A,SH_H2O_SAFE,SB,_T,_T,U,_T,_T,_T,_Z,_T,2012,91.05,PERCENT,G,_X,,,
SPC:DF_SDG_06(3.0),A,SH_H2O_SAFE,SB,_T,_T,U,_T,_T,_T,_Z,_T,2013,91.12,PERCENT,G,_X,,,
SPC:DF_SDG_06(3.0),A,SH_H2O_SAFE,SB,_T,_T,U,_T,_T,_T,_Z,_T,2014,91.2,PERCENT,G,_X,,,
SPC:DF_SDG_06(3.0),A,SH_H2O_SAFE,SB,_T,_T,U,_T,_T,_T,_Z,_T,2015,91.27,PERCENT,G,_X,,,
SPC:DF_SDG_06(3.0),A,SH_H2O_SAFE,SB,_T,_T,U,_T,_T,_T,_Z,_T,2016,91.34,PERCENT,G,_X,,,
SPC:DF_SDG_06(3.0),A,SH_H2O_SAFE,SB,_T,_T,U,_T,_T,_T,_Z,_T,2017,91.41,PERCENT,G,_X,,,
SPC:DF_SDG_06(3.0),A,SH_H2O_SAFE,SB,_T,_T,U,_T,_T,_T,_Z,_T,2018,91.41,PERCENT,G,_X,,,
SPC:DF_SDG_06(3.0),A,SH_H2O_SAFE,SB,_T,_T,U,_T,_T,_T,_Z,_T,2019,91.41,PERCENT,G,_X,,,
SPC:DF_SDG_06(3.0),A,SH_H2O_SAFE,SB,_T,_T,U,_T,_T,_T,_Z,_T,2020,91.41,PERCENT,G,_X,,,
SPC:DF_SDG_06(3.0),A,SH_H2O_SAFE,SB,_T,_T,U,_T,_T,_T,_Z,_T,2021,91.41,PERCENT,G,_X,,,
SPC:DF_SDG_06(3.0),A,SH_H2O_SAFE,SB,_T,_T,R,_T,_T,_T,_Z,_T,2000,76.47,PERCENT,G,_X,,,
SPC:DF_SDG_06(3.0),A,SH_H2O_SAFE,SB,_T,_T,R,_T,_T,_T,_Z,_T,2001,76.47,PERCENT,G,_X,,,
SPC:DF_SDG_06(3.0),A,SH_H2O_SAFE,SB,_T,_T,R,_T,_T,_T,_Z,_T,2002,76.47,PERCENT,G,_X,,,
SPC:DF_SDG_06(3.0),A,SH_H2O_SAFE,SB,_T,_T,R,_T,_T,_T,_Z,_T,2003,76.47,PERCENT,G,_X,,,
SPC:DF_SDG_06(3.0),A,SH_H2O_SAFE,SB,_T,_T,R,_T,_T,_T,_Z,_T,2004,76.47,PERCENT,G,_X,,,
SPC:DF_SDG_06(3.0),A,SH_H2O_SAFE,SB,_T,_T,R,_T,_T,_T,_Z,_T,2005,75.41,PERCENT,G,_X,,,
SPC:DF_SDG_06(3.0),A,SH_H2O_SAFE,SB,_T,_T,R,_T,_T,_T,_Z,_T,2006,74.15,PERCENT,G,_X,,,
SPC:DF_SDG_06(3.0),A,SH_H2O_SAFE,SB,_T,_T,R,_T,_T,_T,_Z,_T,2007,72.89,PERCENT,G,_X,,,
SPC:DF_SDG_06(3.0),A,SH_H2O_SAFE,SB,_T,_T,R,_T,_T,_T,_Z,_T,2008,71.63,PERCENT,G,_X,,,
SPC:DF_SDG_06(3.0),A,SH_H2O_SAFE,SB,_T,_T,R,_T,_T,_T,_Z,_T,2009,70.38,PERCENT,G,_X,,,
SPC:DF_SDG_06(3.0),A,SH_H2O_SAFE,SB,_T,_T,R,_T,_T,_T,_Z,_T,2010,69.14,PERCENT,G,_X,,,
SPC:DF_SDG_06(3.0),A,SH_H2O_SAFE,SB,_T,_T,R,_T,_T,_T,_Z,_T,2011,67.9,PERCENT,G,_X,,,
SPC:DF_SDG_06(3.0),A,SH_H2O_SAFE,SB,_T,_T,R,_T,_T,_T,_Z,_T,2012,66.67,PERCENT,G,_X,,,
SPC:DF_SDG_06(3.0),A,SH_H2O_SAFE,SB,_T,_T,R,_T,_T,_T,_Z,_T,2013,65.45,PERCENT,G,_X,,,
SPC:DF_SDG_06(3.0),A,SH_H2O_SAFE,SB,_T,_T,R,_T,_T,_T,_Z,_T,2014,64.23,PERCENT,G,_X,,,
SPC:DF_SDG_06(3.0),A,SH_H2O_SAFE,SB,_T,_T,R,_T,_T,_T,_Z,_T,2015,63.01,PERCENT,G,_X,,,
SPC:DF_SDG_06(3.0),A,SH_H2O_SAFE,SB,_T,_T,R,_T,_T,_T,_Z,_T,2016,61.8,PERCENT,G,_X,,,
SPC:DF_SDG_06(3.0),A,SH_H2O_SAFE,SB,_T,_T,R,_T,_T,_T,_Z,_T,2017,60.6,PERCENT,G,_X,,,
SPC:DF_SDG_06(3.0),A,SH_H2O_SAFE,SB,_T,_T,R,_T,_T,_T,_Z,_T,2018,59.41,PERCENT,G,_X,,,
SPC:DF_SDG_06(3.0),A,SH_H2O_SAFE,SB,_T,_T,R,_T,_T,_T,_Z,_T,2019,59.41,PERCENT,G,_X,,,
SPC:DF_SDG_06(3.0),A,SH_H2O_SAFE,SB,_T,_T,R,_T,_T,_T,_Z,_T,2020,59.41,PERCENT,G,_X,,,
SPC:DF_SDG_06(3.0),A,SH_H2O_SAFE,SB,_T,_T,R,_T,_T,_T,_Z,_T,2021,59.41,PERCENT,G,_X,,,
SPC:DF_SDG_06(3.0),A,SH_H2O_SAFE,SB,_T,_T,R,_T,_T,_T,_Z,_T,2022,59.41,PERCENT,G,_X,,,
SPC:DF_SDG_06(3.0),A,SH_H2O_SAFE,VU,_T,_T,U,_T,_T,_T,_Z,_T,2000,96.61,PERCENT,G,_X,,,
SPC:DF_SDG_06(3.0),A,SH_H2O_SAFE,VU,_T,_T,U,_T,_T,_T,_Z,_T,2001,96.61,PERCENT,G,_X,,,
SPC:DF_SDG_06(3.0),A,SH_H2O_SAFE,VU,_T,_T,U,_T,_T,_T,_Z,_T,2002,96.61,PERCENT,G,_X,,,
SPC:DF_SDG_06(3.0),A,SH_H2O_SAFE,VU,_T,_T,U,_T,_T,_T,_Z,_T,2003,96.61,PERCENT,G,_X,,,
SPC:DF_SDG_06(3.0),A,SH_H2O_SAFE,VU,_T,_T,U,_T,_T,_T,_Z,_T,2004,96.61,PERCENT,G,_X,,,
SPC:DF_SDG_06(3.0),A,SH_H2O_SAFE,VU,_T,_T,U,_T,_T,_T,_Z,_T,2005,96.74,PERCENT,G,_X,,,
SPC:DF_SDG_06(3.0),A,SH_H2O_SAFE,VU,_T,_T,U,_T,_T,_T,_Z,_T,2006,96.89,PERCENT,G,_X,,,
SPC:DF_SDG_06(3.0),A,SH_H2O_SAFE,VU,_T,_T,U,_T,_T,_T,_Z,_T,2007,97.03,PERCENT,G,_X,,,
SPC:DF_SDG_06(3.0),A,SH_H2O_SAFE,VU,_T,_T,U,_T,_T,_T,_Z,_T,2008,97.17,PERCENT,G,_X,,,
SPC:DF_SDG_06(3.0),A,SH_H2O_SAFE,VU,_T,_T,U,_T,_T,_T,_Z,_T,2009,97.32,PERCENT,G,_X,,,
SPC:DF_SDG_06(3.0),A,SH_H2O_SAFE,VU,_T,_T,U,_T,_T,_T,_Z,_T,2010,97.46,PERCENT,G,_X,,,
SPC:DF_SDG_06(3.0),A,SH_H2O_SAFE,VU,_T,_T,U,_T,_T,_T,_Z,_T,2011,97.61,PERCENT,G,_X,,,
SPC:DF_SDG_06(3.0),A,SH_H2O_SAFE,VU,_T,_T,U,_T,_T,_T,_Z,_T,2012,97.75,PERCENT,G,_X,,,
SPC:DF_SDG_06(3.0),A,SH_H2O_SAFE,VU,_T,_T,U,_T,_T,_T,_Z,_T,2013,97.9,PERCENT,G,_X,,,
SPC:DF_SDG_06(3.0),A,SH_H2O_SAFE,VU,_T,_T,U,_T,_T,_T,_Z,_T,2014,98.04,PERCENT,G,_X,,,
SPC:DF_SDG_06(3.0),A,SH_H2O_SAFE,VU,_T,_T,U,_T,_T,_T,_Z,_T,2015,98.18,PERCENT,G,_X,,,
SPC:DF_SDG_06(3.0),A,SH_H2O_SAFE,VU,_T,_T,U,_T,_T,_T,_Z,_T,2016,98.33,PERCENT,G,_X,,,
SPC:DF_SDG_06(3.0),A,SH_H2O_SAFE,VU,_T,_T,U,_T,_T,_T,_Z,_T,2017,98.47,PERCENT,G,_X,,,
SPC:DF_SDG_06(3.0),A,SH_H2O_SAFE,VU,_T,_T,U,_T,_T,_T,_Z,_T,2018,98.62,PERCENT,G,_X,,,
SPC:DF_SDG_06(3.0),A,SH_H2O_SAFE,VU,_T,_T,U,_T,_T,_T,_Z,_T,2019,98.76,PERCENT,G,_X,,,
SPC:DF_SDG_06(3.0),A,SH_H2O_SAFE,VU,_T,_T,U,_T,_T,_T,_Z,_T,2020,98.91,PERCENT,G,_X,,,
SPC:DF_SDG_06(3.0),A,SH_H2O_SAFE,VU,_T,_T,U,_T,_T,_T,_Z,_T,2021,99.05,PERCENT,G,_X,,,
SPC:DF_SDG_06(3.0),A,SH_H2O_SAFE,VU,_T,_T,U,_T,_T,_T,_Z,_T,2022,99.2,PERCENT,G,_X,,,
SPC:DF_SDG_06(3.0),A,SH_H2O_SAFE,MH,_T,_T,_T,_T,_T,_T,_Z,_T,2001,88.85,PERCENT,G,_X,,,
SPC:DF_SDG_06(3.0),A,SH_H2O_SAFE,MH,_T,_T,_T,_T,_T,_T,_Z,_T,2002,88.8,PERCENT,G,_X,,,
SPC:DF_SDG_06(3.0),A,SH_H2O_SAFE,MH,_T,_T,_T,_T,_T,_T,_Z,_T,2003,88.76,PERCENT,G,_X,,,
SPC:DF_SDG_06(3.0),A,SH_H2O_SAFE,MH,_T,_T,_T,_T,_T,_T,_Z,_T,2004,88.72,PERCENT,G,_X,,,
SPC:DF_SDG_06(3.0),A,SH_H2O_SAFE,MH,_T,_T,_T,_T,_T,_T,_Z,_T,2005,88.68,PERCENT,G,_X,,,
SPC:DF_SDG_06(3.0),A,SH_H2O_SAFE,MH,_T,_T,_T,_T,_T,_T,_Z,_T,2006,88.56,PERCENT,G,_X,,,
SPC:DF_SDG_06(3.0),A,SH_H2O_SAFE,MH,_T,_T,_T,_T,_T,_T,_Z,_T,2007,88.44,PERCENT,G,_X,,,
SPC:DF_SDG_06(3.0),A,SH_H2O_SAFE,MH,_T,_T,_T,_T,_T,_T,_Z,_T,2008,88.32,PERCENT,G,_X,,,
SPC:DF_SDG_06(3.0),A,SH_H2O_SAFE,MH,_T,_T,_T,_T,_T,_T,_Z,_T,2009,88.16,PERCENT,G,_X,,,
SPC:DF_SDG_06(3.0),A,SH_H2O_SAFE,MH,_T,_T,_T,_T,_T,_T,_Z,_T,2010,87.89,PERCENT,G,_X,,,
SPC:DF_SDG_06(3.0),A,SH_H2O_SAFE,MH,_T,_T,_T,_T,_T,_T,_Z,_T,2011,87.63,PERCENT,G,_X,,,
SPC:DF_SDG_06(3.0),A,SH_H2O_SAFE,MH,_T,_T,_T,_T,_T,_T,_Z,_T,2012,87.38,PERCENT,G,_X,,,
SPC:DF_SDG_06(3.0),A,SH_H2O_SAFE,MH,_T,_T,_T,_T,_T,_T,_Z,_T,2013,87.13,PERCENT,G,_X,,,
SPC:DF_SDG_06(3.0),A,SH_H2O_SAFE,MH,_T,_T,_T,_T,_T,_T,_Z,_T,2014,86.88,PERCENT,G,_X,,,
SPC:DF_SDG_06(3.0),A,SH_H2O_SAFE,MH,_T,_T,_T,_T,_T,_T,_Z,_T,2015,86.64,PERCENT,G,_X,,,
SPC:DF_SDG_06(3.0),A,SH_H2O_SAFE,MH,_T,_T,_T,_T,_T,_T,_Z,_T,2016,86.4,PERCENT,G,_X,,,
SPC:DF_SDG_06(3.0),A,SH_H2O_SAFE,MH,_T,_T,_T,_T,_T,_T,_Z,_T,2017,86.17,PERCENT,G,_X,,,
SPC:DF_SDG_06(3.0),A,SH_H2O_SAFE,MH,_T,_T,_T,_T,_T,_T,_Z,_T,2018,85.94,PERCENT,G,_X,,,
SPC:DF_SDG_06(3.0),A,SH_H2O_SAFE,MH,_T,_T,_T,_T,_T,_T,_Z,_T,2019,85.72,PERCENT,G,_X,,,
SPC:DF_SDG_06(3.0),A,SH_H2O_SAFE,MH,_T,_T,_T,_T,_T,_T,_Z,_T,2020,85.49,PERCENT,G,_X,,,
SPC:DF_SDG_06(3.0),A,SH_H2O_SAFE,MH,_T,_T,_T,_T,_T,_T,_Z,_T,2021,85.28,PERCENT,G,_X,,,
SPC:DF_SDG_06(3.0),A,SH_H2O_SAFE,MH,_T,_T,_T,_T,_T,_T,_Z,_T,2022,85.06,PERCENT,G,_X,,,
SPC:DF_SDG_06(3.0),A,SH_H2O_SAFE,TV,_T,_T,U,_T,_T,_T,_Z,_T,2000,98.57,PERCENT,G,_X,,,
SPC:DF_SDG_06(3.0),A,SH_H2O_SAFE,TV,_T,_T,U,_T,_T,_T,_Z,_T,2001,98.59,PERCENT,G,_X,,,
SPC:DF_SDG_06(3.0),A,SH_H2O_SAFE,TV,_T,_T,U,_T,_T,_T,_Z,_T,2002,98.61,PERCENT,G,_X,,,
SPC:DF_SDG_06(3.0),A,SH_H2O_SAFE,TV,_T,_T,U,_T,_T,_T,_Z,_T,2003,98.63,PERCENT,G,_X,,,
SPC:DF_SDG_06(3.0),A,SH_H2O_SAFE,TV,_T,_T,U,_T,_T,_T,_Z,_T,2004,98.65,PERCENT,G,_X,,,
SPC:DF_SDG_06(3.0),A,SH_H2O_SAFE,TV,_T,_T,U,_T,_T,_T,_Z,_T,2005,98.67,PERCENT,G,_X,,,
SPC:DF_SDG_06(3.0),A,SH_H2O_SAFE,TV,_T,_T,U,_T,_T,_T,_Z,_T,2006,98.69,PERCENT,G,_X,,,
SPC:DF_SDG_06(3.0),A,SH_H2O_SAFE,TV,_T,_T,U,_T,_T,_T,_Z,_T,2007,98.71,PERCENT,G,_X,,,
SPC:DF_SDG_06(3.0),A,SH_H2O_SAFE,TV,_T,_T,U,_T,_T,_T,_Z,_T,2008,98.73,PERCENT,G,_X,,,
SPC:DF_SDG_06(3.0),A,SH_H2O_SAFE,TV,_T,_T,U,_T,_T,_T,_Z,_T,2009,98.74,PERCENT,G,_X,,,
SPC:DF_SDG_06(3.0),A,SH_H2O_SAFE,TV,_T,_T,U,_T,_T,_T,_Z,_T,2010,98.76,PERCENT,G,_X,,,
SPC:DF_SDG_06(3.0),A,SH_H2O_SAFE,TV,_T,_T,U,_T,_T,_T,_Z,_T,2011,98.78,PERCENT,G,_X,,,
SPC:DF_SDG_06(3.0),A,SH_H2O_SAFE,TV,_T,_T,U,_T,_T,_T,_Z,_T,2012,98.8,PERCENT,G,_X,,,
SPC:DF_SDG_06(3.0),A,SH_H2O_SAFE,TV,_T,_T,U,_T,_T,_T,_Z,_T,2013,98.82,PERCENT,G,_X,,,
SPC:DF_SDG_06(3.0),A,SH_H2O_SAFE,TV,_T,_T,U,_T,_T,_T,_Z,_T,2014,98.84,PERCENT,G,_X,,,
SPC:DF_SDG_06(3.0),A,SH_H2O_SAFE,TV,_T,_T,U,_T,_T,_T,_Z,_T,2015,98.86,PERCENT,G,_X,,,
SPC:DF_SDG_06(3.0),A,SH_H2O_SAFE,TV,_T,_T,U,_T,_T,_T,_Z,_T,2016,98.88,PERCENT,G,_X,,,
SPC:DF_SDG_06(3.0),A,SH_H2O_SAFE,TV,_T,_T,U,_T,_T,_T,_Z,_T,2017,98.9,PERCENT,G,_X,,,
SPC:DF_SDG_06(3.0),A,SH_H2O_SAFE,TV,_T,_T,U,_T,_T,_T,_Z,_T,2018,98.92,PERCENT,G,_X,,,
SPC:DF_SDG_06(3.0),A,SH_H2O_SAFE,TV,_T,_T,U,_T,_T,_T,_Z,_T,2019,98.94,PERCENT,G,_X,,,
SPC:DF_SDG_06(3.0),A,SH_H2O_SAFE,TV,_T,_T,U,_T,_T,_T,_Z,_T,2020,98.96,PERCENT,G,_X,,,
SPC:DF_SDG_06(3.0),A,SH_H2O_SAFE,TV,_T,_T,U,_T,_T,_T,_Z,_T,2021,98.98,PERCENT,G,_X,,,
SPC:DF_SDG_06(3.0),A,SH_H2O_SAFE,TV,_T,_T,U,_T,_T,_T,_Z,_T,2022,99,PERCENT,G,_X,,,
SPC:DF_SDG_06(3.0),A,SH_H2O_SAFE,TO,_T,_T,_T,_T,_T,_T,_Z,_T,2000,98.14,PERCENT,G,_X,,,
SPC:DF_SDG_06(3.0),A,SH_H2O_SAFE,TO,_T,_T,_T,_T,_T,_T,_Z,_T,2001,98.14,PERCENT,G,_X,,,
SPC:DF_SDG_06(3.0),A,SH_H2O_SAFE,TO,_T,_T,_T,_T,_T,_T,_Z,_T,2002,98.14,PERCENT,G,_X,,,
SPC:DF_SDG_06(3.0),A,SH_H2O_SAFE,TO,_T,_T,_T,_T,_T,_T,_Z,_T,2003,98.14,PERCENT,G,_X,,,
SPC:DF_SDG_06(3.0),A,SH_H2O_SAFE,TO,_T,_T,_T,_T,_T,_T,_Z,_T,2004,98.14,PERCENT,G,_X,,,
SPC:DF_SDG_06(3.0),A,SH_H2O_SAFE,TO,_T,_T,_T,_T,_T,_T,_Z,_T,2005,98.18,PERCENT,G,_X,,,
SPC:DF_SDG_06(3.0),A,SH_H2O_SAFE,TO,_T,_T,_T,_T,_T,_T,_Z,_T,2006,98.22,PERCENT,G,_X,,,
SPC:DF_SDG_06(3.0),A,SH_H2O_SAFE,TO,_T,_T,_T,_T,_T,_T,_Z,_T,2007,98.25,PERCENT,G,_X,,,
SPC:DF_SDG_06(3.0),A,SH_H2O_SAFE,TO,_T,_T,_T,_T,_T,_T,_Z,_T,2008,98.29,PERCENT,G,_X,,,
SPC:DF_SDG_06(3.0),A,SH_H2O_SAFE,TO,_T,_T,_T,_T,_T,_T,_Z,_T,2009,98.33,PERCENT,G,_X,,,
SPC:DF_SDG_06(3.0),A,SH_H2O_SAFE,TO,_T,_T,_T,_T,_T,_T,_Z,_T,2010,98.37,PERCENT,G,_X,,,
SPC:DF_SDG_06(3.0),A,SH_H2O_SAFE,TO,_T,_T,_T,_T,_T,_T,_Z,_T,2011,98.4,PERCENT,G,_X,,,
SPC:DF_SDG_06(3.0),A,SH_H2O_SAFE,TO,_T,_T,_T,_T,_T,_T,_Z,_T,2012,98.44,PERCENT,G,_X,,,
SPC:DF_SDG_06(3.0),A,SH_H2O_SAFE,TO,_T,_T,_T,_T,_T,_T,_Z,_T,2013,98.48,PERCENT,G,_X,,,
SPC:DF_SDG_06(3.0),A,SH_H2O_SAFE,TO,_T,_T,_T,_T,_T,_T,_Z,_T,2014,98.52,PERCENT,G,_X,,,
SPC:DF_SDG_06(3.0),A,SH_H2O_SAFE,TO,_T,_T,_T,_T,_T,_T,_Z,_T,2015,98.55,PERCENT,G,_X,,,
SPC:DF_SDG_06(3.0),A,SH_H2O_SAFE,TO,_T,_T,_T,_T,_T,_T,_Z,_T,2016,98.59,PERCENT,G,_X,,,
SPC:DF_SDG_06(3.0),A,SH_H2O_SAFE,TO,_T,_T,_T,_T,_T,_T,_Z,_T,2017,98.63,PERCENT,G,_X,,,
SPC:DF_SDG_06(3.0),A,SH_H2O_SAFE,TO,_T,_T,_T,_T,_T,_T,_Z,_T,2018,98.66,PERCENT,G,_X,,,
SPC:DF_SDG_06(3.0),A,SH_H2O_SAFE,TO,_T,_T,_T,_T,_T,_T,_Z,_T,2019,98.7,PERCENT,G,_X,,,
SPC:DF_SDG_06(3.0),A,SH_H2O_SAFE,TO,_T,_T,_T,_T,_T,_T,_Z,_T,2020,98.74,PERCENT,G,_X,,,
SPC:DF_SDG_06(3.0),A,SH_H2O_SAFE,TO,_T,_T,_T,_T,_T,_T,_Z,_T,2021,98.77,PERCENT,G,_X,,,
SPC:DF_SDG_06(3.0),A,SH_H2O_SAFE,TO,_T,_T,_T,_T,_T,_T,_Z,_T,2022,98.81,PERCENT,G,_X,,,
SPC:DF_SDG_06(3.0),A,SH_H2O_SAFE,NR,_T,_T,_T,_T,_T,_T,_Z,_T,2000,98.08,PERCENT,G,_X,,,
SPC:DF_SDG_06(3.0),A,SH_H2O_SAFE,NR,_T,_T,_T,_T,_T,_T,_Z,_T,2001,98.01,PERCENT,G,_X,,,
SPC:DF_SDG_06(3.0),A,SH_H2O_SAFE,NR,_T,_T,_T,_T,_T,_T,_Z,_T,2002,97.94,PERCENT,G,_X,,,
SPC:DF_SDG_06(3.0),A,SH_H2O_SAFE,NR,_T,_T,_T,_T,_T,_T,_Z,_T,2003,97.87,PERCENT,G,_X,,,
SPC:DF_SDG_06(3.0),A,SH_H2O_SAFE,NR,_T,_T,_T,_T,_T,_T,_Z,_T,2004,97.79,PERCENT,G,_X,,,
SPC:DF_SDG_06(3.0),A,SH_H2O_SAFE,NR,_T,_T,_T,_T,_T,_T,_Z,_T,2005,97.72,PERCENT,G,_X,,,
SPC:DF_SDG_06(3.0),A,SH_H2O_SAFE,NR,_T,_T,_T,_T,_T,_T,_Z,_T,2006,97.65,PERCENT,G,_X,,,
SPC:DF_SDG_06(3.0),A,SH_H2O_SAFE,NR,_T,_T,_T,_T,_T,_T,_Z,_T,2007,97.58,PERCENT,G,_X,,,
SPC:DF_SDG_06(3.0),A,SH_H2O_SAFE,NR,_T,_T,_T,_T,_T,_T,_Z,_T,2008,97.51,PERCENT,G,_X,,,
SPC:DF_SDG_06(3.0),A,SH_H2O_SAFE,NR,_T,_T,_T,_T,_T,_T,_Z,_T,2009,97.43,PERCENT,G,_X,,,
SPC:DF_SDG_06(3.0),A,SH_H2O_SAFE,NR,_T,_T,_T,_T,_T,_T,_Z,_T,2010,97.36,PERCENT,G,_X,,,
SPC:DF_SDG_06(3.0),A,SH_H2O_SAFE,NR,_T,_T,_T,_T,_T,_T,_Z,_T,2011,97.29,PERCENT,G,_X,,,
SPC:DF_SDG_06(3.0),A,SH_H2O_SAFE,NR,_T,_T,_T,_T,_T,_T,_Z,_T,2012,97.22,PERCENT,G,_X,,,
SPC:DF_SDG_06(3.0),A,SH_H2O_SAFE,NR,_T,_T,_T,_T,_T,_T,_Z,_T,2013,97.15,PERCENT,G,_X,,,
SPC:DF_SDG_06(3.0),A,SH_H2O_SAFE,NR,_T,_T,_T,_T,_T,_T,_Z,_T,2014,97.08,PERCENT,G,_X,,,
SPC:DF_SDG_06(3.0),A,SH_H2O_SAFE,NR,_T,_T,_T,_T,_T,_T,_Z,_T,2015,97,PERCENT,G,_X,,,
SPC:DF_SDG_06(3.0),A,SH_H2O_SAFE,NR,_T,_T,_T,_T,_T,_T,_Z,_T,2016,97,PERCENT,G,_X,,,
SPC:DF_SDG_06(3.0),A,SH_H2O_SAFE,NR,_T,_T,_T,_T,_T,_T,_Z,_T,2017,97,PERCENT,G,_X,,,
SPC:DF_SDG_06(3.0),A,SH_H2O_SAFE,NR,_T,_T,_T,_T,_T,_T,_Z,_T,2018,97,PERCENT,G,_X,,,
SPC:DF_SDG_06(3.0),A,SH_H2O_SAFE,NR,_T,_T,_T,_T,_T,_T,_Z,_T,2019,97,PERCENT,G,_X,,,
SPC:DF_SDG_06(3.0),A,SH_H2O_SAFE,NR,_T,_T,_T,_T,_T,_T,_Z,_T,2020,100,PERCENT,G,_X,,,
SPC:DF_SDG_06(3.0),A,SH_H2O_SAFE,VU,_T,_T,_T,_T,_T,_T,_Z,_T,2000,83.38,PERCENT,G,_X,,,
SPC:DF_SDG_06(3.0),A,SH_H2O_SAFE,VU,_T,_T,_T,_T,_T,_T,_Z,_T,2001,83.42,PERCENT,G,_X,,,
SPC:DF_SDG_06(3.0),A,SH_H2O_SAFE,VU,_T,_T,_T,_T,_T,_T,_Z,_T,2002,83.47,PERCENT,G,_X,,,
SPC:DF_SDG_06(3.0),A,SH_H2O_SAFE,VU,_T,_T,_T,_T,_T,_T,_Z,_T,2003,83.52,PERCENT,G,_X,,,
SPC:DF_SDG_06(3.0),A,SH_H2O_SAFE,VU,_T,_T,_T,_T,_T,_T,_Z,_T,2004,83.57,PERCENT,G,_X,,,
SPC:DF_SDG_06(3.0),A,SH_H2O_SAFE,VU,_T,_T,_T,_T,_T,_T,_Z,_T,2005,84,PERCENT,G,_X,,,
SPC:DF_SDG_06(3.0),A,SH_H2O_SAFE,VU,_T,_T,_T,_T,_T,_T,_Z,_T,2006,84.46,PERCENT,G,_X,,,
SPC:DF_SDG_06(3.0),A,SH_H2O_SAFE,VU,_T,_T,_T,_T,_T,_T,_Z,_T,2007,84.91,PERCENT,G,_X,,,
SPC:DF_SDG_06(3.0),A,SH_H2O_SAFE,VU,_T,_T,_T,_T,_T,_T,_Z,_T,2008,85.37,PERCENT,G,_X,,,
SPC:DF_SDG_06(3.0),A,SH_H2O_SAFE,VU,_T,_T,_T,_T,_T,_T,_Z,_T,2009,85.83,PERCENT,G,_X,,,
SPC:DF_SDG_06(3.0),A,SH_H2O_SAFE,VU,_T,_T,_T,_T,_T,_T,_Z,_T,2010,86.26,PERCENT,G,_X,,,
SPC:DF_SDG_06(3.0),A,SH_H2O_SAFE,VU,_T,_T,_T,_T,_T,_T,_Z,_T,2011,86.69,PERCENT,G,_X,,,
SPC:DF_SDG_06(3.0),A,SH_H2O_SAFE,VU,_T,_T,_T,_T,_T,_T,_Z,_T,2012,87.11,PERCENT,G,_X,,,
SPC:DF_SDG_06(3.0),A,SH_H2O_SAFE,VU,_T,_T,_T,_T,_T,_T,_Z,_T,2013,87.53,PERCENT,G,_X,,,
SPC:DF_SDG_06(3.0),A,SH_H2O_SAFE,VU,_T,_T,_T,_T,_T,_T,_Z,_T,2014,87.95,PERCENT,G,_X,,,
SPC:DF_SDG_06(3.0),A,SH_H2O_SAFE,VU,_T,_T,_T,_T,_T,_T,_Z,_T,2015,88.38,PERCENT,G,_X,,,
SPC:DF_SDG_06(3.0),A,SH_H2O_SAFE,VU,_T,_T,_T,_T,_T,_T,_Z,_T,2016,88.8,PERCENT,G,_X,,,
SPC:DF_SDG_06(3.0),A,SH_H2O_SAFE,VU,_T,_T,_T,_T,_T,_T,_Z,_T,2017,89.22,PERCENT,G,_X,,,
SPC:DF_SDG_06(3.0),A,SH_H2O_SAFE,VU,_T,_T,_T,_T,_T,_T,_Z,_T,2018,89.64,PERCENT,G,_X,,,
SPC:DF_SDG_06(3.0),A,SH_H2O_SAFE,VU,_T,_T,_T,_T,_T,_T,_Z,_T,2019,90.07,PERCENT,G,_X,,,
SPC:DF_SDG_06(3.0),A,SH_H2O_SAFE,VU,_T,_T,_T,_T,_T,_T,_Z,_T,2020,90.49,PERCENT,G,_X,,,
SPC:DF_SDG_06(3.0),A,SH_H2O_SAFE,VU,_T,_T,_T,_T,_T,_T,_Z,_T,2021,90.91,PERCENT,G,_X,,,
SPC:DF_SDG_06(3.0),A,SH_H2O_SAFE,VU,_T,_T,_T,_T,_T,_T,_Z,_T,2022,91.34,PERCENT,G,_X,,,
SPC:DF_SDG_06(3.0),A,SH_H2O_SAFE,PG,_T,_T,U,_T,_T,_T,_Z,_T,2000,83.19,PERCENT,G,_X,,,
SPC:DF_SDG_06(3.0),A,SH_H2O_SAFE,PG,_T,_T,U,_T,_T,_T,_Z,_T,2001,83.19,PERCENT,G,_X,,,
SPC:DF_SDG_06(3.0),A,SH_H2O_SAFE,PG,_T,_T,U,_T,_T,_T,_Z,_T,2002,83.19,PERCENT,G,_X,,,
SPC:DF_SDG_06(3.0),A,SH_H2O_SAFE,PG,_T,_T,U,_T,_T,_T,_Z,_T,2003,83.19,PERCENT,G,_X,,,
SPC:DF_SDG_06(3.0),A,SH_H2O_SAFE,PG,_T,_T,U,_T,_T,_T,_Z,_T,2004,83.19,PERCENT,G,_X,,,
SPC:DF_SDG_06(3.0),A,SH_H2O_SAFE,PG,_T,_T,U,_T,_T,_T,_Z,_T,2005,83.17,PERCENT,G,_X,,,
SPC:DF_SDG_06(3.0),A,SH_H2O_SAFE,PG,_T,_T,U,_T,_T,_T,_Z,_T,2006,83.16,PERCENT,G,_X,,,
SPC:DF_SDG_06(3.0),A,SH_H2O_SAFE,PG,_T,_T,U,_T,_T,_T,_Z,_T,2007,83.14,PERCENT,G,_X,,,
SPC:DF_SDG_06(3.0),A,SH_H2O_SAFE,PG,_T,_T,U,_T,_T,_T,_Z,_T,2008,83.13,PERCENT,G,_X,,,
SPC:DF_SDG_06(3.0),A,SH_H2O_SAFE,PG,_T,_T,U,_T,_T,_T,_Z,_T,2009,83.45,PERCENT,G,_X,,,
SPC:DF_SDG_06(3.0),A,SH_H2O_SAFE,PG,_T,_T,U,_T,_T,_T,_Z,_T,2010,83.77,PERCENT,G,_X,,,
SPC:DF_SDG_06(3.0),A,SH_H2O_SAFE,PG,_T,_T,U,_T,_T,_T,_Z,_T,2011,84.09,PERCENT,G,_X,,,
SPC:DF_SDG_06(3.0),A,SH_H2O_SAFE,PG,_T,_T,U,_T,_T,_T,_Z,_T,2012,84.41,PERCENT,G,_X,,,
SPC:DF_SDG_06(3.0),A,SH_H2O_SAFE,PG,_T,_T,U,_T,_T,_T,_Z,_T,2013,84.73,PERCENT,G,_X,,,
SPC:DF_SDG_06(3.0),A,SH_H2O_SAFE,PG,_T,_T,U,_T,_T,_T,_Z,_T,2014,85.05,PERCENT,G,_X,,,
SPC:DF_SDG_06(3.0),A,SH_H2O_SAFE,PG,_T,_T,U,_T,_T,_T,_Z,_T,2015,85.37,PERCENT,G,_X,,,
SPC:DF_SDG_06(3.0),A,SH_H2O_SAFE,PG,_T,_T,U,_T,_T,_T,_Z,_T,2016,85.69,PERCENT,G,_X,,,
SPC:DF_SDG_06(3.0),A,SH_H2O_SAFE,PG,_T,_T,U,_T,_T,_T,_Z,_T,2017,86.02,PERCENT,G,_X,,,
SPC:DF_SDG_06(3.0),A,SH_H2O_SAFE,PG,_T,_T,U,_T,_T,_T,_Z,_T,2018,86.34,PERCENT,G,_X,,,
SPC:DF_SDG_06(3.0),A,SH_H2O_SAFE,PG,_T,_T,U,_T,_T,_T,_Z,_T,2019,86.66,PERCENT,G,_X,,,
SPC:DF_SDG_06(3.0),A,SH_H2O_SAFE,PG,_T,_T,U,_T,_T,_T,_Z,_T,2020,86.98,PERCENT,G,_X,,,
SPC:DF_SDG_06(3.0),A,SH_H2O_SAFE,PG,_T,_T,U,_T,_T,_T,_Z,_T,2021,86.96,PERCENT,G,_X,,,
SPC:DF_SDG_06(3.0),A,SH_H2O_SAFE,PG,_T,_T,U,_T,_T,_T,_Z,_T,2022,86.94,PERCENT,G,_X,,,
SPC:DF_SDG_06(3.0),A,SH_H2O_SAFE,TO,_T,_T,R,_T,_T,_T,_Z,_T,2000,98.18,PERCENT,G,_X,,,
SPC:DF_SDG_06(3.0),A,SH_H2O_SAFE,TO,_T,_T,R,_T,_T,_T,_Z,_T,2001,98.18,PERCENT,G,_X,,,
SPC:DF_SDG_06(3.0),A,SH_H2O_SAFE,TO,_T,_T,R,_T,_T,_T,_Z,_T,2002,98.18,PERCENT,G,_X,,,
SPC:DF_SDG_06(3.0),A,SH_H2O_SAFE,TO,_T,_T,R,_T,_T,_T,_Z,_T,2003,98.18,PERCENT,G,_X,,,
SPC:DF_SDG_06(3.0),A,SH_H2O_SAFE,TO,_T,_T,R,_T,_T,_T,_Z,_T,2004,98.18,PERCENT,G,_X,,,
SPC:DF_SDG_06(3.0),A,SH_H2O_SAFE,TO,_T,_T,R,_T,_T,_T,_Z,_T,2005,98.2,PERCENT,G,_X,,,
SPC:DF_SDG_06(3.0),A,SH_H2O_SAFE,TO,_T,_T,R,_T,_T,_T,_Z,_T,2006,98.23,PERCENT,G,_X,,,
SPC:DF_SDG_06(3.0),A,SH_H2O_SAFE,TO,_T,_T,R,_T,_T,_T,_Z,_T,2007,98.25,PERCENT,G,_X,,,
SPC:DF_SDG_06(3.0),A,SH_H2O_SAFE,TO,_T,_T,R,_T,_T,_T,_Z,_T,2008,98.27,PERCENT,G,_X,,,
SPC:DF_SDG_06(3.0),A,SH_H2O_SAFE,TO,_T,_T,R,_T,_T,_T,_Z,_T,2009,98.29,PERCENT,G,_X,,,
SPC:DF_SDG_06(3.0),A,SH_H2O_SAFE,TO,_T,_T,R,_T,_T,_T,_Z,_T,2010,98.32,PERCENT,G,_X,,,
SPC:DF_SDG_06(3.0),A,SH_H2O_SAFE,TO,_T,_T,R,_T,_T,_T,_Z,_T,2011,98.34,PERCENT,G,_X,,,
SPC:DF_SDG_06(3.0),A,SH_H2O_SAFE,TO,_T,_T,R,_T,_T,_T,_Z,_T,2012,98.36,PERCENT,G,_X,,,
SPC:DF_SDG_06(3.0),A,SH_H2O_SAFE,TO,_T,_T,R,_T,_T,_T,_Z,_T,2013,98.38,PERCENT,G,_X,,,
SPC:DF_SDG_06(3.0),A,SH_H2O_SAFE,TO,_T,_T,R,_T,_T,_T,_Z,_T,2014,98.4,PERCENT,G,_X,,,
SPC:DF_SDG_06(3.0),A,SH_H2O_SAFE,TO,_T,_T,R,_T,_T,_T,_Z,_T,2015,98.43,PERCENT,G,_X,,,
SPC:DF_SDG_06(3.0),A,SH_H2O_SAFE,TO,_T,_T,R,_T,_T,_T,_Z,_T,2016,98.45,PERCENT,G,_X,,,
SPC:DF_SDG_06(3.0),A,SH_H2O_SAFE,TO,_T,_T,R,_T,_T,_T,_Z,_T,2017,98.47,PERCENT,G,_X,,,
SPC:DF_SDG_06(3.0),A,SH_H2O_SAFE,TO,_T,_T,R,_T,_T,_T,_Z,_T,2018,98.49,PERCENT,G,_X,,,
SPC:DF_SDG_06(3.0),A,SH_H2O_SAFE,TO,_T,_T,R,_T,_T,_T,_Z,_T,2019,98.51,PERCENT,G,_X,,,
SPC:DF_SDG_06(3.0),A,SH_H2O_SAFE,TO,_T,_T,R,_T,_T,_T,_Z,_T,2020,98.54,PERCENT,G,_X,,,
SPC:DF_SDG_06(3.0),A,SH_H2O_SAFE,TO,_T,_T,R,_T,_T,_T,_Z,_T,2021,98.56,PERCENT,G,_X,,,
SPC:DF_SDG_06(3.0),A,SH_H2O_SAFE,TO,_T,_T,R,_T,_T,_T,_Z,_T,2022,98.58,PERCENT,G,_X,,,
SPC:DF_SDG_06(3.0),A,SH_H2O_SAFE,WS,_T,_T,_T,_T,_T,_T,_Z,_T,2000,87.06,PERCENT,G,_X,,,
SPC:DF_SDG_06(3.0),A,SH_H2O_SAFE,WS,_T,_T,_T,_T,_T,_T,_Z,_T,2001,87.06,PERCENT,G,_X,,,
SPC:DF_SDG_06(3.0),A,SH_H2O_SAFE,WS,_T,_T,_T,_T,_T,_T,_Z,_T,2002,87.06,PERCENT,G,_X,,,
SPC:DF_SDG_06(3.0),A,SH_H2O_SAFE,WS,_T,_T,_T,_T,_T,_T,_Z,_T,2003,87.08,PERCENT,G,_X,,,
SPC:DF_SDG_06(3.0),A,SH_H2O_SAFE,WS,_T,_T,_T,_T,_T,_T,_Z,_T,2004,87.09,PERCENT,G,_X,,,
SPC:DF_SDG_06(3.0),A,SH_H2O_SAFE,WS,_T,_T,_T,_T,_T,_T,_Z,_T,2005,87.34,PERCENT,G,_X,,,
SPC:DF_SDG_06(3.0),A,SH_H2O_SAFE,WS,_T,_T,_T,_T,_T,_T,_Z,_T,2006,87.59,PERCENT,G,_X,,,
SPC:DF_SDG_06(3.0),A,SH_H2O_SAFE,WS,_T,_T,_T,_T,_T,_T,_Z,_T,2007,87.84,PERCENT,G,_X,,,
SPC:DF_SDG_06(3.0),A,SH_H2O_SAFE,WS,_T,_T,_T,_T,_T,_T,_Z,_T,2008,88.08,PERCENT,G,_X,,,
SPC:DF_SDG_06(3.0),A,SH_H2O_SAFE,WS,_T,_T,_T,_T,_T,_T,_Z,_T,2009,88.33,PERCENT,G,_X,,,
SPC:DF_SDG_06(3.0),A,SH_H2O_SAFE,WS,_T,_T,_T,_T,_T,_T,_Z,_T,2010,88.57,PERCENT,G,_X,,,
SPC:DF_SDG_06(3.0),A,SH_H2O_SAFE,WS,_T,_T,_T,_T,_T,_T,_Z,_T,2011,88.81,PERCENT,G,_X,,,
SPC:DF_SDG_06(3.0),A,SH_H2O_SAFE,WS,_T,_T,_T,_T,_T,_T,_Z,_T,2012,89.05,PERCENT,G,_X,,,
SPC:DF_SDG_06(3.0),A,SH_H2O_SAFE,WS,_T,_T,_T,_T,_T,_T,_Z,_T,2013,90.11,PERCENT,G,_X,,,
SPC:DF_SDG_06(3.0),A,SH_H2O_SAFE,WS,_T,_T,_T,_T,_T,_T,_Z,_T,2014,91.17,PERCENT,G,_X,,,
SPC:DF_SDG_06(3.0),A,SH_H2O_SAFE,WS,_T,_T,_T,_T,_T,_T,_Z,_T,2015,92.23,PERCENT,G,_X,,,
SPC:DF_SDG_06(3.0),A,SH_H2O_SAFE,WS,_T,_T,_T,_T,_T,_T,_Z,_T,2016,93.29,PERCENT,G,_X,,,
SPC:DF_SDG_06(3.0),A,SH_H2O_SAFE,WS,_T,_T,_T,_T,_T,_T,_Z,_T,2017,94.35,PERCENT,G,_X,,,
SPC:DF_SDG_06(3.0),A,SH_H2O_SAFE,WS,_T,_T,_T,_T,_T,_T,_Z,_T,2018,95.41,PERCENT,G,_X,,,
SPC:DF_SDG_06(3.0),A,SH_H2O_SAFE,WS,_T,_T,_T,_T,_T,_T,_Z,_T,2019,96.42,PERCENT,G,_X,,,
SPC:DF_SDG_06(3.0),A,SH_H2O_SAFE,WS,_T,_T,_T,_T,_T,_T,_Z,_T,2020,97.4,PERCENT,G,_X,,,
SPC:DF_SDG_06(3.0),A,SH_H2O_SAFE,WS,_T,_T,_T,_T,_T,_T,_Z,_T,2021,98.27,PERCENT,G,_X,,,
SPC:DF_SDG_06(3.0),A,SH_H2O_SAFE,WS,_T,_T,_T,_T,_T,_T,_Z,_T,2022,99.04,PERCENT,G,_X,,,
SPC:DF_SDG_06(3.0),A,SH_H2O_SAFE,FJ,_T,_T,R,_T,_T,_T,_Z,_T,2000,91.53,PERCENT,G,_X,,,
SPC:DF_SDG_06(3.0),A,SH_H2O_SAFE,FJ,_T,_T,R,_T,_T,_T,_Z,_T,2001,91.53,PERCENT,G,_X,,,
SPC:DF_SDG_06(3.0),A,SH_H2O_SAFE,FJ,_T,_T,R,_T,_T,_T,_Z,_T,2002,91.53,PERCENT,G,_X,,,
SPC:DF_SDG_06(3.0),A,SH_H2O_SAFE,FJ,_T,_T,R,_T,_T,_T,_Z,_T,2003,91.51,PERCENT,G,_X,,,
SPC:DF_SDG_06(3.0),A,SH_H2O_SAFE,FJ,_T,_T,R,_T,_T,_T,_Z,_T,2004,91.48,PERCENT,G,_X,,,
SPC:DF_SDG_06(3.0),A,SH_H2O_SAFE,FJ,_T,_T,R,_T,_T,_T,_Z,_T,2005,91.46,PERCENT,G,_X,,,
SPC:DF_SDG_06(3.0),A,SH_H2O_SAFE,FJ,_T,_T,R,_T,_T,_T,_Z,_T,2006,91.44,PERCENT,G,_X,,,
SPC:DF_SDG_06(3.0),A,SH_H2O_SAFE,FJ,_T,_T,R,_T,_T,_T,_Z,_T,2007,91.41,PERCENT,G,_X,,,
SPC:DF_SDG_06(3.0),A,SH_H2O_SAFE,FJ,_T,_T,R,_T,_T,_T,_Z,_T,2008,91.39,PERCENT,G,_X,,,
SPC:DF_SDG_06(3.0),A,SH_H2O_SAFE,FJ,_T,_T,R,_T,_T,_T,_Z,_T,2009,91.37,PERCENT,G,_X,,,
SPC:DF_SDG_06(3.0),A,SH_H2O_SAFE,FJ,_T,_T,R,_T,_T,_T,_Z,_T,2010,91.34,PERCENT,G,_X,,,
SPC:DF_SDG_06(3.0),A,SH_H2O_SAFE,FJ,_T,_T,R,_T,_T,_T,_Z,_T,2011,91.32,PERCENT,G,_X,,,
SPC:DF_SDG_06(3.0),A,SH_H2O_SAFE,FJ,_T,_T,R,_T,_T,_T,_Z,_T,2012,91.3,PERCENT,G,_X,,,
SPC:DF_SDG_06(3.0),A,SH_H2O_SAFE,FJ,_T,_T,R,_T,_T,_T,_Z,_T,2013,91.27,PERCENT,G,_X,,,
SPC:DF_SDG_06(3.0),A,SH_H2O_SAFE,FJ,_T,_T,R,_T,_T,_T,_Z,_T,2014,91.25,PERCENT,G,_X,,,
SPC:DF_SDG_06(3.0),A,SH_H2O_SAFE,FJ,_T,_T,R,_T,_T,_T,_Z,_T,2015,91.23,PERCENT,G,_X,,,
SPC:DF_SDG_06(3.0),A,SH_H2O_SAFE,FJ,_T,_T,R,_T,_T,_T,_Z,_T,2016,91.2,PERCENT,G,_X,,,
SPC:DF_SDG_06(3.0),A,SH_H2O_SAFE,FJ,_T,_T,R,_T,_T,_T,_Z,_T,2017,91.18,PERCENT,G,_X,,,
SPC:DF_SDG_06(3.0),A,SH_H2O_SAFE,FJ,_T,_T,R,_T,_T,_T,_Z,_T,2018,91.15,PERCENT,G,_X,,,
SPC:DF_SDG_06(3.0),A,SH_H2O_SAFE,FJ,_T,_T,R,_T,_T,_T,_Z,_T,2019,91.13,PERCENT,G,_X,,,
SPC:DF_SDG_06(3.0),A,SH_H2O_SAFE,FJ,_T,_T,R,_T,_T,_T,_Z,_T,2020,91.11,PERCENT,G,_X,,,
SPC:DF_SDG_06(3.0),A,SH_H2O_SAFE,FJ,_T,_T,R,_T,_T,_T,_Z,_T,2021,91.08,PERCENT,G,_X,,,
SPC:DF_SDG_06(3.0),A,SH_H2O_SAFE,FJ,_T,_T,R,_T,_T,_T,_Z,_T,2022,91.06,PERCENT,G,_X,,,
SPC:DF_SDG_06(3.0),A,SH_H2O_SAFE,CK,_T,_T,_T,_T,_T,_T,_Z,_T,2000,99.86,PERCENT,G,_X,,,
SPC:DF_SDG_06(3.0),A,SH_H2O_SAFE,CK,_T,_T,_T,_T,_T,_T,_Z,_T,2001,99.87,PERCENT,G,_X,,,
SPC:DF_SDG_06(3.0),A,SH_H2O_SAFE,CK,_T,_T,_T,_T,_T,_T,_Z,_T,2002,99.88,PERCENT,G,_X,,,
SPC:DF_SDG_06(3.0),A,SH_H2O_SAFE,CK,_T,_T,_T,_T,_T,_T,_Z,_T,2003,99.88,PERCENT,G,_X,,,
SPC:DF_SDG_06(3.0),A,SH_H2O_SAFE,CK,_T,_T,_T,_T,_T,_T,_Z,_T,2004,99.89,PERCENT,G,_X,,,
SPC:DF_SDG_06(3.0),A,SH_H2O_SAFE,CK,_T,_T,_T,_T,_T,_T,_Z,_T,2005,99.89,PERCENT,G,_X,,,
SPC:DF_SDG_06(3.0),A,SH_H2O_SAFE,CK,_T,_T,_T,_T,_T,_T,_Z,_T,2006,99.9,PERCENT,G,_X,,,
SPC:DF_SDG_06(3.0),A,SH_H2O_SAFE,CK,_T,_T,_T,_T,_T,_T,_Z,_T,2007,99.91,PERCENT,G,_X,,,
SPC:DF_SDG_06(3.0),A,SH_H2O_SAFE,CK,_T,_T,_T,_T,_T,_T,_Z,_T,2008,99.91,PERCENT,G,_X,,,
SPC:DF_SDG_06(3.0),A,SH_H2O_SAFE,CK,_T,_T,_T,_T,_T,_T,_Z,_T,2009,99.92,PERCENT,G,_X,,,
SPC:DF_SDG_06(3.0),A,SH_H2O_SAFE,CK,_T,_T,_T,_T,_T,_T,_Z,_T,2010,99.92,PERCENT,G,_X,,,
SPC:DF_SDG_06(3.0),A,SH_H2O_SAFE,CK,_T,_T,_T,_T,_T,_T,_Z,_T,2011,99.93,PERCENT,G,_X,,,
SPC:DF_SDG_06(3.0),A,SH_H2O_SAFE,CK,_T,_T,_T,_T,_T,_T,_Z,_T,2012,99.94,PERCENT,G,_X,,,
SPC:DF_SDG_06(3.0),A,SH_H2O_SAFE,CK,_T,_T,_T,_T,_T,_T,_Z,_T,2013,99.94,PERCENT,G,_X,,,
SPC:DF_SDG_06(3.0),A,SH_H2O_SAFE,CK,_T,_T,_T,_T,_T,_T,_Z,_T,2014,99.95,PERCENT,G,_X,,,
SPC:DF_SDG_06(3.0),A,SH_H2O_SAFE,CK,_T,_T,_T,_T,_T,_T,_Z,_T,2015,99.95,PERCENT,G,_X,,,
SPC:DF_SDG_06(3.0),A,SH_H2O_SAFE,CK,_T,_T,_T,_T,_T,_T,_Z,_T,2016,99.96,PERCENT,G,_X,,,
SPC:DF_SDG_06(3.0),A,SH_H2O_SAFE,CK,_T,_T,_T,_T,_T,_T,_Z,_T,2017,99.97,PERCENT,G,_X,,,
SPC:DF_SDG_06(3.0),A,SH_H2O_SAFE,CK,_T,_T,_T,_T,_T,_T,_Z,_T,2018,99.97,PERCENT,G,_X,,,
SPC:DF_SDG_06(3.0),A,SH_H2O_SAFE,CK,_T,_T,_T,_T,_T,_T,_Z,_T,2019,99.97,PERCENT,G,_X,,,
SPC:DF_SDG_06(3.0),A,SH_H2O_SAFE,CK,_T,_T,_T,_T,_T,_T,_Z,_T,2020,99.97,PERCENT,G,_X,,,
SPC:DF_SDG_06(3.0),A,SH_H2O_SAFE,CK,_T,_T,_T,_T,_T,_T,_Z,_T,2021,99.97,PERCENT,G,_X,,,
SPC:DF_SDG_06(3.0),A,SH_H2O_SAFE,CK,_T,_T,_T,_T,_T,_T,_Z,_T,2022,99.97,PERCENT,G,_X,,,
SPC:DF_SDG_06(3.0),A,SH_H2O_SAFE,MH,_T,_T,R,_T,_T,_T,_Z,_T,2000,94.6,PERCENT,G,_X,,,
SPC:DF_SDG_06(3.0),A,SH_H2O_SAFE,MH,_T,_T,R,_T,_T,_T,_Z,_T,2001,94.6,PERCENT,G,_X,,,
SPC:DF_SDG_06(3.0),A,SH_H2O_SAFE,MH,_T,_T,R,_T,_T,_T,_Z,_T,2002,94.6,PERCENT,G,_X,,,
SPC:DF_SDG_06(3.0),A,SH_H2O_SAFE,MH,_T,_T,R,_T,_T,_T,_Z,_T,2003,94.6,PERCENT,G,_X,,,
SPC:DF_SDG_06(3.0),A,SH_H2O_SAFE,MH,_T,_T,R,_T,_T,_T,_Z,_T,2004,94.6,PERCENT,G,_X,,,
SPC:DF_SDG_06(3.0),A,SH_H2O_SAFE,MH,_T,_T,R,_T,_T,_T,_Z,_T,2005,94.6,PERCENT,G,_X,,,
SPC:DF_SDG_06(3.0),A,SH_H2O_SAFE,MH,_T,_T,R,_T,_T,_T,_Z,_T,2006,94.6,PERCENT,G,_X,,,
SPC:DF_SDG_06(3.0),A,SH_H2O_SAFE,MH,_T,_T,R,_T,_T,_T,_Z,_T,2007,94.6,PERCENT,G,_X,,,
SPC:DF_SDG_06(3.0),A,SH_H2O_SAFE,MH,_T,_T,R,_T,_T,_T,_Z,_T,2008,94.6,PERCENT,G,_X,,,
SPC:DF_SDG_06(3.0),A,SH_H2O_SAFE,MH,_T,_T,R,_T,_T,_T,_Z,_T,2009,94.43,PERCENT,G,_X,,,
SPC:DF_SDG_06(3.0),A,SH_H2O_SAFE,MH,_T,_T,R,_T,_T,_T,_Z,_T,2010,93.88,PERCENT,G,_X,,,
SPC:DF_SDG_06(3.0),A,SH_H2O_SAFE,MH,_T,_T,R,_T,_T,_T,_Z,_T,2011,93.32,PERCENT,G,_X,,,
SPC:DF_SDG_06(3.0),A,SH_H2O_SAFE,MH,_T,_T,R,_T,_T,_T,_Z,_T,2012,92.77,PERCENT,G,_X,,,
SPC:DF_SDG_06(3.0),A,SH_H2O_SAFE,MH,_T,_T,R,_T,_T,_T,_Z,_T,2013,92.21,PERCENT,G,_X,,,
SPC:DF_SDG_06(3.0),A,SH_H2O_SAFE,MH,_T,_T,R,_T,_T,_T,_Z,_T,2014,91.66,PERCENT,G,_X,,,
SPC:DF_SDG_06(3.0),A,SH_H2O_SAFE,MH,_T,_T,R,_T,_T,_T,_Z,_T,2015,91.11,PERCENT,G,_X,,,
SPC:DF_SDG_06(3.0),A,SH_H2O_SAFE,MH,_T,_T,R,_T,_T,_T,_Z,_T,2016,90.55,PERCENT,G,_X,,,
SPC:DF_SDG_06(3.0),A,SH_H2O_SAFE,MH,_T,_T,R,_T,_T,_T,_Z,_T,2017,90,PERCENT,G,_X,,,
SPC:DF_SDG_06(3.0),A,SH_H2O_SAFE,MH,_T,_T,R,_T,_T,_T,_Z,_T,2018,89.44,PERCENT,G,_X,,,
SPC:DF_SDG_06(3.0),A,SH_H2O_SAFE,MH,_T,_T,R,_T,_T,_T,_Z,_T,2019,88.89,PERCENT,G,_X,,,
SPC:DF_SDG_06(3.0),A,SH_H2O_SAFE,MH,_T,_T,R,_T,_T,_T,_Z,_T,2020,88.34,PERCENT,G,_X,,,
SPC:DF_SDG_06(3.0),A,SH_H2O_SAFE,MH,_T,_T,R,_T,_T,_T,_Z,_T,2021,87.78,PERCENT,G,_X,,,
SPC:DF_SDG_06(3.0),A,SH_H2O_SAFE,MH,_T,_T,R,_T,_T,_T,_Z,_T,2022,87.23,PERCENT,G,_X,,,
SPC:DF_SDG_06(3.0),A,SH_H2O_SAFE,TO,_T,_T,U,_T,_T,_T,_Z,_T,2000,98.01,PERCENT,G,_X,,,
SPC:DF_SDG_06(3.0),A,SH_H2O_SAFE,TO,_T,_T,U,_T,_T,_T,_Z,_T,2001,98.01,PERCENT,G,_X,,,
SPC:DF_SDG_06(3.0),A,SH_H2O_SAFE,TO,_T,_T,U,_T,_T,_T,_Z,_T,2002,98.01,PERCENT,G,_X,,,
SPC:DF_SDG_06(3.0),A,SH_H2O_SAFE,TO,_T,_T,U,_T,_T,_T,_Z,_T,2003,98.01,PERCENT,G,_X,,,
SPC:DF_SDG_06(3.0),A,SH_H2O_SAFE,TO,_T,_T,U,_T,_T,_T,_Z,_T,2004,98.01,PERCENT,G,_X,,,
SPC:DF_SDG_06(3.0),A,SH_H2O_SAFE,TO,_T,_T,U,_T,_T,_T,_Z,_T,2005,98.1,PERCENT,G,_X,,,
SPC:DF_SDG_06(3.0),A,SH_H2O_SAFE,TO,_T,_T,U,_T,_T,_T,_Z,_T,2006,98.18,PERCENT,G,_X,,,
SPC:DF_SDG_06(3.0),A,SH_H2O_SAFE,TO,_T,_T,U,_T,_T,_T,_Z,_T,2007,98.27,PERCENT,G,_X,,,
SPC:DF_SDG_06(3.0),A,SH_H2O_SAFE,TO,_T,_T,U,_T,_T,_T,_Z,_T,2008,98.36,PERCENT,G,_X,,,
SPC:DF_SDG_06(3.0),A,SH_H2O_SAFE,TO,_T,_T,U,_T,_T,_T,_Z,_T,2009,98.45,PERCENT,G,_X,,,
SPC:DF_SDG_06(3.0),A,SH_H2O_SAFE,TO,_T,_T,U,_T,_T,_T,_Z,_T,2010,98.53,PERCENT,G,_X,,,
SPC:DF_SDG_06(3.0),A,SH_H2O_SAFE,TO,_T,_T,U,_T,_T,_T,_Z,_T,2011,98.62,PERCENT,G,_X,,,
SPC:DF_SDG_06(3.0),A,SH_H2O_SAFE,TO,_T,_T,U,_T,_T,_T,_Z,_T,2012,98.71,PERCENT,G,_X,,,
SPC:DF_SDG_06(3.0),A,SH_H2O_SAFE,TO,_T,_T,U,_T,_T,_T,_Z,_T,2013,98.8,PERCENT,G,_X,,,
SPC:DF_SDG_06(3.0),A,SH_H2O_SAFE,TO,_T,_T,U,_T,_T,_T,_Z,_T,2014,98.88,PERCENT,G,_X,,,
SPC:DF_SDG_06(3.0),A,SH_H2O_SAFE,TO,_T,_T,U,_T,_T,_T,_Z,_T,2015,98.97,PERCENT,G,_X,,,
SPC:DF_SDG_06(3.0),A,SH_H2O_SAFE,TO,_T,_T,U,_T,_T,_T,_Z,_T,2016,99.06,PERCENT,G,_X,,,
SPC:DF_SDG_06(3.0),A,SH_H2O_SAFE,TO,_T,_T,U,_T,_T,_T,_Z,_T,2017,99.14,PERCENT,G,_X,,,
SPC:DF_SDG_06(3.0),A,SH_H2O_SAFE,TO,_T,_T,U,_T,_T,_T,_Z,_T,2018,99.23,PERCENT,G,_X,,,
SPC:DF_SDG_06(3.0),A,SH_H2O_SAFE,TO,_T,_T,U,_T,_T,_T,_Z,_T,2019,99.32,PERCENT,G,_X,,,
SPC:DF_SDG_06(3.0),A,SH_H2O_SAFE,TO,_T,_T,U,_T,_T,_T,_Z,_T,2020,99.41,PERCENT,G,_X,,,
SPC:DF_SDG_06(3.0),A,SH_H2O_SAFE,TO,_T,_T,U,_T,_T,_T,_Z,_T,2021,99.49,PERCENT,G,_X,,,
SPC:DF_SDG_06(3.0),A,SH_H2O_SAFE,TO,_T,_T,U,_T,_T,_T,_Z,_T,2022,99.58,PERCENT,G,_X,,,
SPC:DF_SDG_06(3.0),A,SH_H2O_SAFE,KI,_T,_T,_T,_T,_T,_T,_Z,_T,2000,60.89,PERCENT,G,_X,,,
SPC:DF_SDG_06(3.0),A,SH_H2O_SAFE,KI,_T,_T,_T,_T,_T,_T,_Z,_T,2001,61.67,PERCENT,G,_X,,,
SPC:DF_SDG_06(3.0),A,SH_H2O_SAFE,KI,_T,_T,_T,_T,_T,_T,_Z,_T,2002,62.31,PERCENT,G,_X,,,
SPC:DF_SDG_06(3.0),A,SH_H2O_SAFE,KI,_T,_T,_T,_T,_T,_T,_Z,_T,2003,62.95,PERCENT,G,_X,,,
SPC:DF_SDG_06(3.0),A,SH_H2O_SAFE,KI,_T,_T,_T,_T,_T,_T,_Z,_T,2004,63.59,PERCENT,G,_X,,,
SPC:DF_SDG_06(3.0),A,SH_H2O_SAFE,KI,_T,_T,_T,_T,_T,_T,_Z,_T,2005,64.23,PERCENT,G,_X,,,
SPC:DF_SDG_06(3.0),A,SH_H2O_SAFE,KI,_T,_T,_T,_T,_T,_T,_Z,_T,2006,65.01,PERCENT,G,_X,,,
SPC:DF_SDG_06(3.0),A,SH_H2O_SAFE,KI,_T,_T,_T,_T,_T,_T,_Z,_T,2007,65.89,PERCENT,G,_X,,,
SPC:DF_SDG_06(3.0),A,SH_H2O_SAFE,KI,_T,_T,_T,_T,_T,_T,_Z,_T,2008,66.75,PERCENT,G,_X,,,
SPC:DF_SDG_06(3.0),A,SH_H2O_SAFE,KI,_T,_T,_T,_T,_T,_T,_Z,_T,2009,67.53,PERCENT,G,_X,,,
SPC:DF_SDG_06(3.0),A,SH_H2O_SAFE,KI,_T,_T,_T,_T,_T,_T,_Z,_T,2010,68.19,PERCENT,G,_X,,,
SPC:DF_SDG_06(3.0),A,SH_H2O_SAFE,KI,_T,_T,_T,_T,_T,_T,_Z,_T,2011,68.84,PERCENT,G,_X,,,
SPC:DF_SDG_06(3.0),A,SH_H2O_SAFE,KI,_T,_T,_T,_T,_T,_T,_Z,_T,2012,69.49,PERCENT,G,_X,,,
SPC:DF_SDG_06(3.0),A,SH_H2O_SAFE,KI,_T,_T,_T,_T,_T,_T,_Z,_T,2013,70.12,PERCENT,G,_X,,,
SPC:DF_SDG_06(3.0),A,SH_H2O_SAFE,KI,_T,_T,_T,_T,_T,_T,_Z,_T,2014,70.76,PERCENT,G,_X,,,
SPC:DF_SDG_06(3.0),A,SH_H2O_SAFE,KI,_T,_T,_T,_T,_T,_T,_Z,_T,2015,71.38,PERCENT,G,_X,,,
SPC:DF_SDG_06(3.0),A,SH_H2O_SAFE,KI,_T,_T,_T,_T,_T,_T,_Z,_T,2016,71.99,PERCENT,G,_X,,,
SPC:DF_SDG_06(3.0),A,SH_H2O_SAFE,KI,_T,_T,_T,_T,_T,_T,_Z,_T,2017,72.59,PERCENT,G,_X,,,
SPC:DF_SDG_06(3.0),A,SH_H2O_SAFE,KI,_T,_T,_T,_T,_T,_T,_Z,_T,2018,73.18,PERCENT,G,_X,,,
SPC:DF_SDG_06(3.0),A,SH_H2O_SAFE,KI,_T,_T,_T,_T,_T,_T,_Z,_T,2019,73.75,PERCENT,G,_X,,,
SPC:DF_SDG_06(3.0),A,SH_H2O_SAFE,KI,_T,_T,_T,_T,_T,_T,_Z,_T,2020,74.31,PERCENT,G,_X,,,
SPC:DF_SDG_06(3.0),A,SH_H2O_SAFE,KI,_T,_T,_T,_T,_T,_T,_Z,_T,2021,74.86,PERCENT,G,_X,,,
SPC:DF_SDG_06(3.0),A,SH_H2O_SAFE,KI,_T,_T,_T,_T,_T,_T,_Z,_T,2022,75.69,PERCENT,G,_X,,,
SPC:DF_SDG_06(3.0),A,SH_H2O_SAFE,WS,_T,_T,U,_T,_T,_T,_Z,_T,2000,82.92,PERCENT,G,_X,,,
SPC:DF_SDG_06(3.0),A,SH_H2O_SAFE,WS,_T,_T,U,_T,_T,_T,_Z,_T,2001,82.92,PERCENT,G,_X,,,
SPC:DF_SDG_06(3.0),A,SH_H2O_SAFE,WS,_T,_T,U,_T,_T,_T,_Z,_T,2002,82.92,PERCENT,G,_X,,,
SPC:DF_SDG_06(3.0),A,SH_H2O_SAFE,WS,_T,_T,U,_T,_T,_T,_Z,_T,2003,82.92,PERCENT,G,_X,,,
SPC:DF_SDG_06(3.0),A,SH_H2O_SAFE,WS,_T,_T,U,_T,_T,_T,_Z,_T,2004,82.92,PERCENT,G,_X,,,
SPC:DF_SDG_06(3.0),A,SH_H2O_SAFE,WS,_T,_T,U,_T,_T,_T,_Z,_T,2005,83.39,PERCENT,G,_X,,,
SPC:DF_SDG_06(3.0),A,SH_H2O_SAFE,WS,_T,_T,U,_T,_T,_T,_Z,_T,2006,83.86,PERCENT,G,_X,,,
SPC:DF_SDG_06(3.0),A,SH_H2O_SAFE,WS,_T,_T,U,_T,_T,_T,_Z,_T,2007,84.33,PERCENT,G,_X,,,
SPC:DF_SDG_06(3.0),A,SH_H2O_SAFE,WS,_T,_T,U,_T,_T,_T,_Z,_T,2008,84.8,PERCENT,G,_X,,,
SPC:DF_SDG_06(3.0),A,SH_H2O_SAFE,WS,_T,_T,U,_T,_T,_T,_Z,_T,2009,85.27,PERCENT,G,_X,,,
SPC:DF_SDG_06(3.0),A,SH_H2O_SAFE,WS,_T,_T,U,_T,_T,_T,_Z,_T,2010,85.74,PERCENT,G,_X,,,
SPC:DF_SDG_06(3.0),A,SH_H2O_SAFE,WS,_T,_T,U,_T,_T,_T,_Z,_T,2011,86.2,PERCENT,G,_X,,,
SPC:DF_SDG_06(3.0),A,SH_H2O_SAFE,WS,_T,_T,U,_T,_T,_T,_Z,_T,2012,86.67,PERCENT,G,_X,,,
SPC:DF_SDG_06(3.0),A,SH_H2O_SAFE,WS,_T,_T,U,_T,_T,_T,_Z,_T,2013,88.32,PERCENT,G,_X,,,
SPC:DF_SDG_06(3.0),A,SH_H2O_SAFE,WS,_T,_T,U,_T,_T,_T,_Z,_T,2014,89.97,PERCENT,G,_X,,,
SPC:DF_SDG_06(3.0),A,SH_H2O_SAFE,WS,_T,_T,U,_T,_T,_T,_Z,_T,2015,91.64,PERCENT,G,_X,,,
SPC:DF_SDG_06(3.0),A,SH_H2O_SAFE,WS,_T,_T,U,_T,_T,_T,_Z,_T,2016,93.33,PERCENT,G,_X,,,
SPC:DF_SDG_06(3.0),A,SH_H2O_SAFE,WS,_T,_T,U,_T,_T,_T,_Z,_T,2017,95.02,PERCENT,G,_X,,,
SPC:DF_SDG_06(3.0),A,SH_H2O_SAFE,WS,_T,_T,U,_T,_T,_T,_Z,_T,2018,96.73,PERCENT,G,_X,,,
SPC:DF_SDG_06(3.0),A,SH_H2O_SAFE,WS,_T,_T,U,_T,_T,_T,_Z,_T,2019,98.15,PERCENT,G,_X,,,
SPC:DF_SDG_06(3.0),A,SH_H2O_SAFE,WS,_T,_T,U,_T,_T,_T,_Z,_T,2020,99.36,PERCENT,G,_X,,,
SPC:DF_SDG_06(3.0),A,SH_H2O_SAFE,WS,_T,_T,U,_T,_T,_T,_Z,_T,2021,100,PERCENT,G,_X,,,
SPC:DF_SDG_06(3.0),A,SH_H2O_SAFE,WS,_T,_T,U,_T,_T,_T,_Z,_T,2022,100,PERCENT,G,_X,,,
SPC:DF_SDG_06(3.0),A,SH_H2O_SAFE,WS,_T,_T,R,_T,_T,_T,_Z,_T,2000,88.23,PERCENT,G,_X,,,
SPC:DF_SDG_06(3.0),A,SH_H2O_SAFE,WS,_T,_T,R,_T,_T,_T,_Z,_T,2001,88.23,PERCENT,G,_X,,,
SPC:DF_SDG_06(3.0),A,SH_H2O_SAFE,WS,_T,_T,R,_T,_T,_T,_Z,_T,2002,88.23,PERCENT,G,_X,,,
SPC:DF_SDG_06(3.0),A,SH_H2O_SAFE,WS,_T,_T,R,_T,_T,_T,_Z,_T,2003,88.23,PERCENT,G,_X,,,
SPC:DF_SDG_06(3.0),A,SH_H2O_SAFE,WS,_T,_T,R,_T,_T,_T,_Z,_T,2004,88.23,PERCENT,G,_X,,,
SPC:DF_SDG_06(3.0),A,SH_H2O_SAFE,WS,_T,_T,R,_T,_T,_T,_Z,_T,2005,88.41,PERCENT,G,_X,,,
SPC:DF_SDG_06(3.0),A,SH_H2O_SAFE,WS,_T,_T,R,_T,_T,_T,_Z,_T,2006,88.58,PERCENT,G,_X,,,
SPC:DF_SDG_06(3.0),A,SH_H2O_SAFE,WS,_T,_T,R,_T,_T,_T,_Z,_T,2007,88.76,PERCENT,G,_X,,,
SPC:DF_SDG_06(3.0),A,SH_H2O_SAFE,WS,_T,_T,R,_T,_T,_T,_Z,_T,2008,88.93,PERCENT,G,_X,,,
SPC:DF_SDG_06(3.0),A,SH_H2O_SAFE,WS,_T,_T,R,_T,_T,_T,_Z,_T,2009,89.11,PERCENT,G,_X,,,
SPC:DF_SDG_06(3.0),A,SH_H2O_SAFE,WS,_T,_T,R,_T,_T,_T,_Z,_T,2010,89.28,PERCENT,G,_X,,,
SPC:DF_SDG_06(3.0),A,SH_H2O_SAFE,WS,_T,_T,R,_T,_T,_T,_Z,_T,2011,89.46,PERCENT,G,_X,,,
SPC:DF_SDG_06(3.0),A,SH_H2O_SAFE,WS,_T,_T,R,_T,_T,_T,_Z,_T,2012,89.64,PERCENT,G,_X,,,
SPC:DF_SDG_06(3.0),A,SH_H2O_SAFE,WS,_T,_T,R,_T,_T,_T,_Z,_T,2013,90.54,PERCENT,G,_X,,,
SPC:DF_SDG_06(3.0),A,SH_H2O_SAFE,WS,_T,_T,R,_T,_T,_T,_Z,_T,2014,91.45,PERCENT,G,_X,,,
SPC:DF_SDG_06(3.0),A,SH_H2O_SAFE,WS,_T,_T,R,_T,_T,_T,_Z,_T,2015,92.36,PERCENT,G,_X,,,
SPC:DF_SDG_06(3.0),A,SH_H2O_SAFE,WS,_T,_T,R,_T,_T,_T,_Z,_T,2016,93.28,PERCENT,G,_X,,,
SPC:DF_SDG_06(3.0),A,SH_H2O_SAFE,WS,_T,_T,R,_T,_T,_T,_Z,_T,2017,94.2,PERCENT,G,_X,,,
SPC:DF_SDG_06(3.0),A,SH_H2O_SAFE,WS,_T,_T,R,_T,_T,_T,_Z,_T,2018,95.12,PERCENT,G,_X,,,
SPC:DF_SDG_06(3.0),A,SH_H2O_SAFE,WS,_T,_T,R,_T,_T,_T,_Z,_T,2019,96.04,PERCENT,G,_X,,,
SPC:DF_SDG_06(3.0),A,SH_H2O_SAFE,WS,_T,_T,R,_T,_T,_T,_Z,_T,2020,96.97,PERCENT,G,_X,,,
SPC:DF_SDG_06(3.0),A,SH_H2O_SAFE,WS,_T,_T,R,_T,_T,_T,_Z,_T,2021,97.9,PERCENT,G,_X,,,
SPC:DF_SDG_06(3.0),A,SH_H2O_SAFE,WS,_T,_T,R,_T,_T,_T,_Z,_T,2022,98.83,PERCENT,G,_X,,,
SPC:DF_SDG_06(3.0),A,SH_H2O_SAFE,TV,_T,_T,_T,_T,_T,_T,_Z,_T,2000,98.81,PERCENT,G,_X,,,
SPC:DF_SDG_06(3.0),A,SH_H2O_SAFE,TV,_T,_T,_T,_T,_T,_T,_Z,_T,2001,98.83,PERCENT,G,_X,,,
SPC:DF_SDG_06(3.0),A,SH_H2O_SAFE,TV,_T,_T,_T,_T,_T,_T,_Z,_T,2002,98.86,PERCENT,G,_X,,,
SPC:DF_SDG_06(3.0),A,SH_H2O_SAFE,TV,_T,_T,_T,_T,_T,_T,_Z,_T,2003,98.88,PERCENT,G,_X,,,
SPC:DF_SDG_06(3.0),A,SH_H2O_SAFE,TV,_T,_T,_T,_T,_T,_T,_Z,_T,2004,98.9,PERCENT,G,_X,,,
SPC:DF_SDG_06(3.0),A,SH_H2O_SAFE,TV,_T,_T,_T,_T,_T,_T,_Z,_T,2005,98.92,PERCENT,G,_X,,,
SPC:DF_SDG_06(3.0),A,SH_H2O_SAFE,TV,_T,_T,_T,_T,_T,_T,_Z,_T,2006,98.94,PERCENT,G,_X,,,
SPC:DF_SDG_06(3.0),A,SH_H2O_SAFE,TV,_T,_T,_T,_T,_T,_T,_Z,_T,2007,98.97,PERCENT,G,_X,,,
SPC:DF_SDG_06(3.0),A,SH_H2O_SAFE,TV,_T,_T,_T,_T,_T,_T,_Z,_T,2008,98.99,PERCENT,G,_X,,,
SPC:DF_SDG_06(3.0),A,SH_H2O_SAFE,TV,_T,_T,_T,_T,_T,_T,_Z,_T,2009,99.01,PERCENT,G,_X,,,
SPC:DF_SDG_06(3.0),A,SH_H2O_SAFE,TV,_T,_T,_T,_T,_T,_T,_Z,_T,2010,99.03,PERCENT,G,_X,,,
SPC:DF_SDG_06(3.0),A,SH_H2O_SAFE,TV,_T,_T,_T,_T,_T,_T,_Z,_T,2011,99.05,PERCENT,G,_X,,,
SPC:DF_SDG_06(3.0),A,SH_H2O_SAFE,TV,_T,_T,_T,_T,_T,_T,_Z,_T,2012,99.07,PERCENT,G,_X,,,
SPC:DF_SDG_06(3.0),A,SH_H2O_SAFE,TV,_T,_T,_T,_T,_T,_T,_Z,_T,2013,99.08,PERCENT,G,_X,,,
SPC:DF_SDG_06(3.0),A,SH_H2O_SAFE,TV,_T,_T,_T,_T,_T,_T,_Z,_T,2014,99.1,PERCENT,G,_X,,,
SPC:DF_SDG_06(3.0),A,SH_H2O_SAFE,TV,_T,_T,_T,_T,_T,_T,_Z,_T,2015,99.12,PERCENT,G,_X,,,
SPC:DF_SDG_06(3.0),A,SH_H2O_SAFE,TV,_T,_T,_T,_T,_T,_T,_Z,_T,2016,99.14,PERCENT,G,_X,,,
SPC:DF_SDG_06(3.0),A,SH_H2O_SAFE,TV,_T,_T,_T,_T,_T,_T,_Z,_T,2017,99.16,PERCENT,G,_X,,,
SPC:DF_SDG_06(3.0),A,SH_H2O_SAFE,TV,_T,_T,_T,_T,_T,_T,_Z,_T,2018,99.18,PERCENT,G,_X,,,
SPC:DF_SDG_06(3.0),A,SH_H2O_SAFE,TV,_T,_T,_T,_T,_T,_T,_Z,_T,2019,99.2,PERCENT,G,_X,,,
SPC:DF_SDG_06(3.0),A,SH_H2O_SAFE,TV,_T,_T,_T,_T,_T,_T,_Z,_T,2020,99.22,PERCENT,G,_X,,,
SPC:DF_SDG_06(3.0),A,SH_H2O_SAFE,TV,_T,_T,_T,_T,_T,_T,_Z,_T,2021,99.24,PERCENT,G,_X,,,
SPC:DF_SDG_06(3.0),A,SH_H2O_SAFE,TV,_T,_T,_T,_T,_T,_T,_Z,_T,2022,99.26,PERCENT,G,_X,,,
SPC:DF_SDG_06(3.0),A,SH_H2O_SAFE,MP,_T,_T,_T,_T,_T,_T,_Z,_T,2000,82.03,PERCENT,G,E,"WHO/UNICEF Joint Monitoring Programme for Water Supply, Sanitation and Hygiene (2023)",,
SPC:DF_SDG_06(3.0),A,SH_H2O_SAFE,MP,_T,_T,_T,_T,_T,_T,_Z,_T,2001,82.2,PERCENT,G,E,"WHO/UNICEF Joint Monitoring Programme for Water Supply, Sanitation and Hygiene (2023)",,
SPC:DF_SDG_06(3.0),A,SH_H2O_SAFE,MP,_T,_T,_T,_T,_T,_T,_Z,_T,2002,82.38,PERCENT,G,E,"WHO/UNICEF Joint Monitoring Programme for Water Supply, Sanitation and Hygiene (2023)",,
SPC:DF_SDG_06(3.0),A,SH_H2O_SAFE,MP,_T,_T,_T,_T,_T,_T,_Z,_T,2003,82.56,PERCENT,G,E,"WHO/UNICEF Joint Monitoring Programme for Water Supply, Sanitation and Hygiene (2023)",,
SPC:DF_SDG_06(3.0),A,SH_H2O_SAFE,MP,_T,_T,_T,_T,_T,_T,_Z,_T,2004,83.12,PERCENT,G,E,"WHO/UNICEF Joint Monitoring Programme for Water Supply, Sanitation and Hygiene (2023)",,
SPC:DF_SDG_06(3.0),A,SH_H2O_SAFE,MP,_T,_T,_T,_T,_T,_T,_Z,_T,2005,83.69,PERCENT,G,E,"WHO/UNICEF Joint Monitoring Programme for Water Supply, Sanitation and Hygiene (2023)",,
SPC:DF_SDG_06(3.0),A,SH_H2O_SAFE,MP,_T,_T,_T,_T,_T,_T,_Z,_T,2006,84.26,PERCENT,G,E,"WHO/UNICEF Joint Monitoring Programme for Water Supply, Sanitation and Hygiene (2023)",,
SPC:DF_SDG_06(3.0),A,SH_H2O_SAFE,MP,_T,_T,_T,_T,_T,_T,_Z,_T,2007,84.82,PERCENT,G,E,"WHO/UNICEF Joint Monitoring Programme for Water Supply, Sanitation and Hygiene (2023)",,
SPC:DF_SDG_06(3.0),A,SH_H2O_SAFE,MP,_T,_T,_T,_T,_T,_T,_Z,_T,2008,85.39,PERCENT,G,E,"WHO/UNICEF Joint Monitoring Programme for Water Supply, Sanitation and Hygiene (2023)",,
SPC:DF_SDG_06(3.0),A,SH_H2O_SAFE,MP,_T,_T,_T,_T,_T,_T,_Z,_T,2009,85.97,PERCENT,G,E,"WHO/UNICEF Joint Monitoring Programme for Water Supply, Sanitation and Hygiene (2023)",,
SPC:DF_SDG_06(3.0),A,SH_H2O_SAFE,MP,_T,_T,_T,_T,_T,_T,_Z,_T,2010,86.54,PERCENT,G,E,"WHO/UNICEF Joint Monitoring Programme for Water Supply, Sanitation and Hygiene (2023)",,
SPC:DF_SDG_06(3.0),A,SH_H2O_SAFE,MP,_T,_T,_T,_T,_T,_T,_Z,_T,2011,87.12,PERCENT,G,E,"WHO/UNICEF Joint Monitoring Programme for Water Supply, Sanitation and Hygiene (2023)",,
SPC:DF_SDG_06(3.0),A,SH_H2O_SAFE,MP,_T,_T,_T,_T,_T,_T,_Z,_T,2012,87.69,PERCENT,G,E,"WHO/UNICEF Joint Monitoring Programme for Water Supply, Sanitation and Hygiene (2023)",,
SPC:DF_SDG_06(3.0),A,SH_H2O_SAFE,MP,_T,_T,_T,_T,_T,_T,_Z,_T,2013,88.27,PERCENT,G,E,"WHO/UNICEF Joint Monitoring Programme for Water Supply, Sanitation and Hygiene (2023)",,
SPC:DF_SDG_06(3.0),A,SH_H2O_SAFE,MP,_T,_T,_T,_T,_T,_T,_Z,_T,2014,88.85,PERCENT,G,E,"WHO/UNICEF Joint Monitoring Programme for Water Supply, Sanitation and Hygiene (2023)",,
SPC:DF_SDG_06(3.0),A,SH_H2O_SAFE,MP,_T,_T,_T,_T,_T,_T,_Z,_T,2015,89.43,PERCENT,G,E,"WHO/UNICEF Joint Monitoring Programme for Water Supply, Sanitation and Hygiene (2023)",,
SPC:DF_SDG_06(3.0),A,SH_H2O_SAFE,MP,_T,_T,_T,_T,_T,_T,_Z,_T,2016,89.85,PERCENT,G,E,"WHO/UNICEF Joint Monitoring Programme for Water Supply, Sanitation and Hygiene (2023)",,
SPC:DF_SDG_06(3.0),A,SH_H2O_SAFE,MP,_T,_T,_T,_T,_T,_T,_Z,_T,2017,90.24,PERCENT,G,E,"WHO/UNICEF Joint Monitoring Programme for Water Supply, Sanitation and Hygiene (2023)",,
SPC:DF_SDG_06(3.0),A,SH_H2O_SAFE,MP,_T,_T,_T,_T,_T,_T,_Z,_T,2018,90.64,PERCENT,G,E,"WHO/UNICEF Joint Monitoring Programme for Water Supply, Sanitation and Hygiene (2023)",,
SPC:DF_SDG_06(3.0),A,SH_H2O_SAFE,MP,_T,_T,_T,_T,_T,_T,_Z,_T,2019,90.64,PERCENT,G,E,"WHO/UNICEF Joint Monitoring Programme for Water Supply, Sanitation and Hygiene (2023)",,
SPC:DF_SDG_06(3.0),A,SH_H2O_SAFE,MP,_T,_T,_T,_T,_T,_T,_Z,_T,2020,90.64,PERCENT,G,E,"WHO/UNICEF Joint Monitoring Programme for Water Supply, Sanitation and Hygiene (2023)",,
SPC:DF_SDG_06(3.0),A,SH_H2O_SAFE,MP,_T,_T,_T,_T,_T,_T,_Z,_T,2021,90.64,PERCENT,G,E,"WHO/UNICEF Joint Monitoring Programme for Water Supply, Sanitation and Hygiene (2023)",,
SPC:DF_SDG_06(3.0),A,SH_H2O_SAFE,MP,_T,_T,_T,_T,_T,_T,_Z,_T,2022,90.64,PERCENT,G,E,"WHO/UNICEF Joint Monitoring Programme for Water Supply, Sanitation and Hygiene (2023)",,
SPC:DF_SDG_06(3.0),A,SH_H2O_SAFE,AS,_T,_T,_T,_T,_T,_T,_Z,_T,2000,80.58,PERCENT,G,E,"WHO/UNICEF Joint Monitoring Programme for Water Supply, Sanitation and Hygiene (2023)",,
SPC:DF_SDG_06(3.0),A,SH_H2O_SAFE,AS,_T,_T,_T,_T,_T,_T,_Z,_T,2001,81.62,PERCENT,G,E,"WHO/UNICEF Joint Monitoring Programme for Water Supply, Sanitation and Hygiene (2023)",,
SPC:DF_SDG_06(3.0),A,SH_H2O_SAFE,AS,_T,_T,_T,_T,_T,_T,_Z,_T,2002,82.66,PERCENT,G,E,"WHO/UNICEF Joint Monitoring Programme for Water Supply, Sanitation and Hygiene (2023)",,
SPC:DF_SDG_06(3.0),A,SH_H2O_SAFE,AS,_T,_T,_T,_T,_T,_T,_Z,_T,2003,83.71,PERCENT,G,E,"WHO/UNICEF Joint Monitoring Programme for Water Supply, Sanitation and Hygiene (2023)",,
SPC:DF_SDG_06(3.0),A,SH_H2O_SAFE,AS,_T,_T,_T,_T,_T,_T,_Z,_T,2004,84.77,PERCENT,G,E,"WHO/UNICEF Joint Monitoring Programme for Water Supply, Sanitation and Hygiene (2023)",,
SPC:DF_SDG_06(3.0),A,SH_H2O_SAFE,AS,_T,_T,_T,_T,_T,_T,_Z,_T,2005,85.83,PERCENT,G,E,"WHO/UNICEF Joint Monitoring Programme for Water Supply, Sanitation and Hygiene (2023)",,
SPC:DF_SDG_06(3.0),A,SH_H2O_SAFE,AS,_T,_T,_T,_T,_T,_T,_Z,_T,2006,86.89,PERCENT,G,E,"WHO/UNICEF Joint Monitoring Programme for Water Supply, Sanitation and Hygiene (2023)",,
SPC:DF_SDG_06(3.0),A,SH_H2O_SAFE,AS,_T,_T,_T,_T,_T,_T,_Z,_T,2007,87.56,PERCENT,G,E,"WHO/UNICEF Joint Monitoring Programme for Water Supply, Sanitation and Hygiene (2023)",,
SPC:DF_SDG_06(3.0),A,SH_H2O_SAFE,AS,_T,_T,_T,_T,_T,_T,_Z,_T,2008,87.79,PERCENT,G,E,"WHO/UNICEF Joint Monitoring Programme for Water Supply, Sanitation and Hygiene (2023)",,
SPC:DF_SDG_06(3.0),A,SH_H2O_SAFE,AS,_T,_T,_T,_T,_T,_T,_Z,_T,2009,88.02,PERCENT,G,E,"WHO/UNICEF Joint Monitoring Programme for Water Supply, Sanitation and Hygiene (2023)",,
SPC:DF_SDG_06(3.0),A,SH_H2O_SAFE,AS,_T,_T,_T,_T,_T,_T,_Z,_T,2010,88.25,PERCENT,G,E,"WHO/UNICEF Joint Monitoring Programme for Water Supply, Sanitation and Hygiene (2023)",,
SPC:DF_SDG_06(3.0),A,SH_H2O_SAFE,AS,_T,_T,_T,_T,_T,_T,_Z,_T,2011,88.48,PERCENT,G,E,"WHO/UNICEF Joint Monitoring Programme for Water Supply, Sanitation and Hygiene (2023)",,
SPC:DF_SDG_06(3.0),A,SH_H2O_SAFE,AS,_T,_T,_T,_T,_T,_T,_Z,_T,2012,88.71,PERCENT,G,E,"WHO/UNICEF Joint Monitoring Programme for Water Supply, Sanitation and Hygiene (2023)",,
SPC:DF_SDG_06(3.0),A,SH_H2O_SAFE,AS,_T,_T,_T,_T,_T,_T,_Z,_T,2013,88.94,PERCENT,G,E,"WHO/UNICEF Joint Monitoring Programme for Water Supply, Sanitation and Hygiene (2023)",,
SPC:DF_SDG_06(3.0),A,SH_H2O_SAFE,AS,_T,_T,_T,_T,_T,_T,_Z,_T,2014,89.17,PERCENT,G,E,"WHO/UNICEF Joint Monitoring Programme for Water Supply, Sanitation and Hygiene (2023)",,
SPC:DF_SDG_06(3.0),A,SH_H2O_SAFE,AS,_T,_T,_T,_T,_T,_T,_Z,_T,2015,89.4,PERCENT,G,E,"WHO/UNICEF Joint Monitoring Programme for Water Supply, Sanitation and Hygiene (2023)",,
SPC:DF_SDG_06(3.0),A,SH_H2O_SAFE,AS,_T,_T,_T,_T,_T,_T,_Z,_T,2016,89.62,PERCENT,G,E,"WHO/UNICEF Joint Monitoring Programme for Water Supply, Sanitation and Hygiene (2023)",,
SPC:DF_SDG_06(3.0),A,SH_H2O_SAFE,AS,_T,_T,_T,_T,_T,_T,_Z,_T,2017,89.85,PERCENT,G,E,"WHO/UNICEF Joint Monitoring Programme for Water Supply, Sanitation and Hygiene (2023)",,
SPC:DF_SDG_06(3.0),A,SH_H2O_SAFE,AS,_T,_T,_T,_T,_T,_T,_Z,_T,2018,89.85,PERCENT,G,E,"WHO/UNICEF Joint Monitoring Programme for Water Supply, Sanitation and Hygiene (2023)",,
SPC:DF_SDG_06(3.0),A,SH_H2O_SAFE,AS,_T,_T,_T,_T,_T,_T,_Z,_T,2019,89.85,PERCENT,G,E,"WHO/UNICEF Joint Monitoring Programme for Water Supply, Sanitation and Hygiene (2023)",,
SPC:DF_SDG_06(3.0),A,SH_H2O_SAFE,AS,_T,_T,_T,_T,_T,_T,_Z,_T,2020,89.85,PERCENT,G,E,"WHO/UNICEF Joint Monitoring Programme for Water Supply, Sanitation and Hygiene (2023)",,
SPC:DF_SDG_06(3.0),A,SH_H2O_SAFE,AS,_T,_T,_T,_T,_T,_T,_Z,_T,2021,89.85,PERCENT,G,E,"WHO/UNICEF Joint Monitoring Programme for Water Supply, Sanitation and Hygiene (2023)",,
SPC:DF_SDG_06(3.0),A,SH_H2O_SAFE,WF,_T,_T,_T,_T,_T,_T,_Z,_T,2000,69.15,PERCENT,G,E,"WHO/UNICEF Joint Monitoring Programme for Water Supply, Sanitation and Hygiene (2023)",,
SPC:DF_SDG_06(3.0),A,SH_H2O_SAFE,WF,_T,_T,_T,_T,_T,_T,_Z,_T,2001,69.15,PERCENT,G,E,"WHO/UNICEF Joint Monitoring Programme for Water Supply, Sanitation and Hygiene (2023)",,
SPC:DF_SDG_06(3.0),A,SH_H2O_SAFE,WF,_T,_T,_T,_T,_T,_T,_Z,_T,2002,69.13,PERCENT,G,E,"WHO/UNICEF Joint Monitoring Programme for Water Supply, Sanitation and Hygiene (2023)",,
SPC:DF_SDG_06(3.0),A,SH_H2O_SAFE,WF,_T,_T,_T,_T,_T,_T,_Z,_T,2003,69.12,PERCENT,G,E,"WHO/UNICEF Joint Monitoring Programme for Water Supply, Sanitation and Hygiene (2023)",,
SPC:DF_SDG_06(3.0),A,SH_H2O_SAFE,WF,_T,_T,_T,_T,_T,_T,_Z,_T,2004,69.11,PERCENT,G,E,"WHO/UNICEF Joint Monitoring Programme for Water Supply, Sanitation and Hygiene (2023)",,
SPC:DF_SDG_06(3.0),A,SH_H2O_SAFE,WF,_T,_T,_T,_T,_T,_T,_Z,_T,2005,69.09,PERCENT,G,E,"WHO/UNICEF Joint Monitoring Programme for Water Supply, Sanitation and Hygiene (2023)",,
SPC:DF_SDG_06(3.0),A,SH_H2O_SAFE,WF,_T,_T,_T,_T,_T,_T,_Z,_T,2006,69.08,PERCENT,G,E,"WHO/UNICEF Joint Monitoring Programme for Water Supply, Sanitation and Hygiene (2023)",,
SPC:DF_SDG_06(3.0),A,SH_H2O_SAFE,WF,_T,_T,_T,_T,_T,_T,_Z,_T,2007,69.07,PERCENT,G,E,"WHO/UNICEF Joint Monitoring Programme for Water Supply, Sanitation and Hygiene (2023)",,
SPC:DF_SDG_06(3.0),A,SH_H2O_SAFE,WF,_T,_T,_T,_T,_T,_T,_Z,_T,2008,69.05,PERCENT,G,E,"WHO/UNICEF Joint Monitoring Programme for Water Supply, Sanitation and Hygiene (2023)",,
SPC:DF_SDG_06(3.0),A,SH_H2O_SAFE,WF,_T,_T,_T,_T,_T,_T,_Z,_T,2009,69.04,PERCENT,G,E,"WHO/UNICEF Joint Monitoring Programme for Water Supply, Sanitation and Hygiene (2023)",,
SPC:DF_SDG_06(3.0),A,SH_H2O_SAFE,WF,_T,_T,_T,_T,_T,_T,_Z,_T,2010,69.03,PERCENT,G,E,"WHO/UNICEF Joint Monitoring Programme for Water Supply, Sanitation and Hygiene (2023)",,
SPC:DF_SDG_06(3.0),A,SH_H2O_SAFE,WF,_T,_T,_T,_T,_T,_T,_Z,_T,2011,69.01,PERCENT,G,E,"WHO/UNICEF Joint Monitoring Programme for Water Supply, Sanitation and Hygiene (2023)",,
SPC:DF_SDG_06(3.0),A,SH_H2O_SAFE,WF,_T,_T,_T,_T,_T,_T,_Z,_T,2012,69,PERCENT,G,E,"WHO/UNICEF Joint Monitoring Programme for Water Supply, Sanitation and Hygiene (2023)",,
SPC:DF_SDG_06(3.0),A,SH_H2O_SAFE,WF,_T,_T,_T,_T,_T,_T,_Z,_T,2013,68.99,PERCENT,G,E,"WHO/UNICEF Joint Monitoring Programme for Water Supply, Sanitation and Hygiene (2023)",,
SPC:DF_SDG_06(3.0),A,SH_H2O_SAFE,WF,_T,_T,_T,_T,_T,_T,_Z,_T,2014,68.97,PERCENT,G,E,"WHO/UNICEF Joint Monitoring Programme for Water Supply, Sanitation and Hygiene (2023)",,
SPC:DF_SDG_06(3.0),A,SH_H2O_SAFE,WF,_T,_T,_T,_T,_T,_T,_Z,_T,2015,68.96,PERCENT,G,E,"WHO/UNICEF Joint Monitoring Programme for Water Supply, Sanitation and Hygiene (2023)",,
SPC:DF_SDG_06(3.0),A,SH_H2O_SAFE,WF,_T,_T,_T,_T,_T,_T,_Z,_T,2016,68.95,PERCENT,G,E,"WHO/UNICEF Joint Monitoring Programme for Water Supply, Sanitation and Hygiene (2023)",,
SPC:DF_SDG_06(3.0),A,SH_H2O_SAFE,WF,_T,_T,_T,_T,_T,_T,_Z,_T,2017,68.93,PERCENT,G,E,"WHO/UNICEF Joint Monitoring Programme for Water Supply, Sanitation and Hygiene (2023)",,
SPC:DF_SDG_06(3.0),A,SH_H2O_SAFE,WF,_T,_T,_T,_T,_T,_T,_Z,_T,2018,68.92,PERCENT,G,E,"WHO/UNICEF Joint Monitoring Programme for Water Supply, Sanitation and Hygiene (2023)",,
SPC:DF_SDG_06(3.0),A,SH_H2O_SAFE,WF,_T,_T,_T,_T,_T,_T,_Z,_T,2019,68.91,PERCENT,G,E,"WHO/UNICEF Joint Monitoring Programme for Water Supply, Sanitation and Hygiene (2023)",,
SPC:DF_SDG_06(3.0),A,SH_H2O_SAFE,WF,_T,_T,_T,_T,_T,_T,_Z,_T,2020,68.89,PERCENT,G,E,"WHO/UNICEF Joint Monitoring Programme for Water Supply, Sanitation and Hygiene (2023)",,
SPC:DF_SDG_06(3.0),A,SH_H2O_SAFE,WF,_T,_T,_T,_T,_T,_T,_Z,_T,2021,68.88,PERCENT,G,E,"WHO/UNICEF Joint Monitoring Programme for Water Supply, Sanitation and Hygiene (2023)",,
SPC:DF_SDG_06(3.0),A,SH_H2O_SAFE,WF,_T,_T,_T,_T,_T,_T,_Z,_T,2022,68.88,PERCENT,G,E,"WHO/UNICEF Joint Monitoring Programme for Water Supply, Sanitation and Hygiene (2023)",,
SPC:DF_SDG_06(3.0),A,SH_H2O_SAFE,PF,_T,_T,_T,_T,_T,_T,_Z,_T,2000,92.03,PERCENT,G,E,"WHO/UNICEF Joint Monitoring Programme for Water Supply, Sanitation and Hygiene (2023)",,
SPC:DF_SDG_06(3.0),A,SH_H2O_SAFE,PF,_T,_T,_T,_T,_T,_T,_Z,_T,2001,92.03,PERCENT,G,E,"WHO/UNICEF Joint Monitoring Programme for Water Supply, Sanitation and Hygiene (2023)",,
SPC:DF_SDG_06(3.0),A,SH_H2O_SAFE,PF,_T,_T,_T,_T,_T,_T,_Z,_T,2002,92.03,PERCENT,G,E,"WHO/UNICEF Joint Monitoring Programme for Water Supply, Sanitation and Hygiene (2023)",,
SPC:DF_SDG_06(3.0),A,SH_H2O_SAFE,PF,_T,_T,_T,_T,_T,_T,_Z,_T,2003,92.03,PERCENT,G,E,"WHO/UNICEF Joint Monitoring Programme for Water Supply, Sanitation and Hygiene (2023)",,
SPC:DF_SDG_06(3.0),A,SH_H2O_SAFE,PF,_T,_T,_T,_T,_T,_T,_Z,_T,2004,92.03,PERCENT,G,E,"WHO/UNICEF Joint Monitoring Programme for Water Supply, Sanitation and Hygiene (2023)",,
SPC:DF_SDG_06(3.0),A,SH_H2O_SAFE,PF,_T,_T,_T,_T,_T,_T,_Z,_T,2005,92.03,PERCENT,G,E,"WHO/UNICEF Joint Monitoring Programme for Water Supply, Sanitation and Hygiene (2023)",,
SPC:DF_SDG_06(3.0),A,SH_H2O_SAFE,PF,_T,_T,_T,_T,_T,_T,_Z,_T,2006,92.03,PERCENT,G,E,"WHO/UNICEF Joint Monitoring Programme for Water Supply, Sanitation and Hygiene (2023)",,
SPC:DF_SDG_06(3.0),A,SH_H2O_SAFE,PF,_T,_T,_T,_T,_T,_T,_Z,_T,2007,92.03,PERCENT,G,E,"WHO/UNICEF Joint Monitoring Programme for Water Supply, Sanitation and Hygiene (2023)",,
SPC:DF_SDG_06(3.0),A,SH_H2O_SAFE,PF,_T,_T,_T,_T,_T,_T,_Z,_T,2008,92.03,PERCENT,G,E,"WHO/UNICEF Joint Monitoring Programme for Water Supply, Sanitation and Hygiene (2023)",,
SPC:DF_SDG_06(3.0),A,SH_H2O_SAFE,PF,_T,_T,_T,_T,_T,_T,_Z,_T,2009,92.03,PERCENT,G,E,"WHO/UNICEF Joint Monitoring Programme for Water Supply, Sanitation and Hygiene (2023)",,
SPC:DF_SDG_06(3.0),A,SH_H2O_SAFE,PF,_T,_T,_T,_T,_T,_T,_Z,_T,2010,92.03,PERCENT,G,E,"WHO/UNICEF Joint Monitoring Programme for Water Supply, Sanitation and Hygiene (2023)",,
SPC:DF_SDG_06(3.0),A,SH_H2O_SAFE,PF,_T,_T,_T,_T,_T,_T,_Z,_T,2011,91.18,PERCENT,G,E,"WHO/UNICEF Joint Monitoring Programme for Water Supply, Sanitation and Hygiene (2023)",,
SPC:DF_SDG_06(3.0),A,SH_H2O_SAFE,PF,_T,_T,_T,_T,_T,_T,_Z,_T,2012,90.33,PERCENT,G,E,"WHO/UNICEF Joint Monitoring Programme for Water Supply, Sanitation and Hygiene (2023)",,
SPC:DF_SDG_06(3.0),A,SH_H2O_SAFE,PF,_T,_T,_T,_T,_T,_T,_Z,_T,2013,89.48,PERCENT,G,E,"WHO/UNICEF Joint Monitoring Programme for Water Supply, Sanitation and Hygiene (2023)",,
SPC:DF_SDG_06(3.0),A,SH_H2O_SAFE,PF,_T,_T,_T,_T,_T,_T,_Z,_T,2014,88.62,PERCENT,G,E,"WHO/UNICEF Joint Monitoring Programme for Water Supply, Sanitation and Hygiene (2023)",,
SPC:DF_SDG_06(3.0),A,SH_H2O_SAFE,PF,_T,_T,_T,_T,_T,_T,_Z,_T,2015,87.77,PERCENT,G,E,"WHO/UNICEF Joint Monitoring Programme for Water Supply, Sanitation and Hygiene (2023)",,
SPC:DF_SDG_06(3.0),A,SH_H2O_SAFE,PF,_T,_T,_T,_T,_T,_T,_Z,_T,2016,86.92,PERCENT,G,E,"WHO/UNICEF Joint Monitoring Programme for Water Supply, Sanitation and Hygiene (2023)",,
SPC:DF_SDG_06(3.0),A,SH_H2O_SAFE,PF,_T,_T,_T,_T,_T,_T,_Z,_T,2017,86.07,PERCENT,G,E,"WHO/UNICEF Joint Monitoring Programme for Water Supply, Sanitation and Hygiene (2023)",,
SPC:DF_SDG_06(3.0),A,SH_H2O_SAFE,PF,_T,_T,_T,_T,_T,_T,_Z,_T,2018,85.22,PERCENT,G,E,"WHO/UNICEF Joint Monitoring Programme for Water Supply, Sanitation and Hygiene (2023)",,
SPC:DF_SDG_06(3.0),A,SH_H2O_SAFE,PF,_T,_T,_T,_T,_T,_T,_Z,_T,2019,84.37,PERCENT,G,E,"WHO/UNICEF Joint Monitoring Programme for Water Supply, Sanitation and Hygiene (2023)",,
SPC:DF_SDG_06(3.0),A,SH_H2O_SAFE,PF,_T,_T,_T,_T,_T,_T,_Z,_T,2020,83.52,PERCENT,G,E,"WHO/UNICEF Joint Monitoring Programme for Water Supply, Sanitation and Hygiene (2023)",,
SPC:DF_SDG_06(3.0),A,SH_H2O_SAFE,PF,_T,_T,_T,_T,_T,_T,_Z,_T,2021,82.66,PERCENT,G,E,"WHO/UNICEF Joint Monitoring Programme for Water Supply, Sanitation and Hygiene (2023)",,
SPC:DF_SDG_06(3.0),A,SH_H2O_SAFE,PF,_T,_T,_T,_T,_T,_T,_Z,_T,2022,81.81,PERCENT,G,E,"WHO/UNICEF Joint Monitoring Programme for Water Supply, Sanitation and Hygiene (2023)",,
SPC:DF_SDG_06(3.0),A,SH_H2O_SAFE,NC,_T,_T,_T,_T,_T,_T,_Z,_T,2000,87.04,PERCENT,G,E,"WHO/UNICEF Joint Monitoring Programme for Water Supply, Sanitation and Hygiene (2023)",,
SPC:DF_SDG_06(3.0),A,SH_H2O_SAFE,NC,_T,_T,_T,_T,_T,_T,_Z,_T,2001,87.04,PERCENT,G,E,"WHO/UNICEF Joint Monitoring Programme for Water Supply, Sanitation and Hygiene (2023)",,
SPC:DF_SDG_06(3.0),A,SH_H2O_SAFE,NC,_T,_T,_T,_T,_T,_T,_Z,_T,2002,87.04,PERCENT,G,E,"WHO/UNICEF Joint Monitoring Programme for Water Supply, Sanitation and Hygiene (2023)",,
SPC:DF_SDG_06(3.0),A,SH_H2O_SAFE,NC,_T,_T,_T,_T,_T,_T,_Z,_T,2003,87.71,PERCENT,G,E,"WHO/UNICEF Joint Monitoring Programme for Water Supply, Sanitation and Hygiene (2023)",,
SPC:DF_SDG_06(3.0),A,SH_H2O_SAFE,NC,_T,_T,_T,_T,_T,_T,_Z,_T,2004,88.37,PERCENT,G,E,"WHO/UNICEF Joint Monitoring Programme for Water Supply, Sanitation and Hygiene (2023)",,
SPC:DF_SDG_06(3.0),A,SH_H2O_SAFE,NC,_T,_T,_T,_T,_T,_T,_Z,_T,2005,89.04,PERCENT,G,E,"WHO/UNICEF Joint Monitoring Programme for Water Supply, Sanitation and Hygiene (2023)",,
SPC:DF_SDG_06(3.0),A,SH_H2O_SAFE,NC,_T,_T,_T,_T,_T,_T,_Z,_T,2006,89.71,PERCENT,G,E,"WHO/UNICEF Joint Monitoring Programme for Water Supply, Sanitation and Hygiene (2023)",,
SPC:DF_SDG_06(3.0),A,SH_H2O_SAFE,NC,_T,_T,_T,_T,_T,_T,_Z,_T,2007,90.38,PERCENT,G,E,"WHO/UNICEF Joint Monitoring Programme for Water Supply, Sanitation and Hygiene (2023)",,
SPC:DF_SDG_06(3.0),A,SH_H2O_SAFE,NC,_T,_T,_T,_T,_T,_T,_Z,_T,2008,91.05,PERCENT,G,E,"WHO/UNICEF Joint Monitoring Programme for Water Supply, Sanitation and Hygiene (2023)",,
SPC:DF_SDG_06(3.0),A,SH_H2O_SAFE,NC,_T,_T,_T,_T,_T,_T,_Z,_T,2009,91.73,PERCENT,G,E,"WHO/UNICEF Joint Monitoring Programme for Water Supply, Sanitation and Hygiene (2023)",,
SPC:DF_SDG_06(3.0),A,SH_H2O_SAFE,NC,_T,_T,_T,_T,_T,_T,_Z,_T,2010,92.4,PERCENT,G,E,"WHO/UNICEF Joint Monitoring Programme for Water Supply, Sanitation and Hygiene (2023)",,
SPC:DF_SDG_06(3.0),A,SH_H2O_SAFE,NC,_T,_T,_T,_T,_T,_T,_Z,_T,2011,93.08,PERCENT,G,E,"WHO/UNICEF Joint Monitoring Programme for Water Supply, Sanitation and Hygiene (2023)",,
SPC:DF_SDG_06(3.0),A,SH_H2O_SAFE,NC,_T,_T,_T,_T,_T,_T,_Z,_T,2012,93.76,PERCENT,G,E,"WHO/UNICEF Joint Monitoring Programme for Water Supply, Sanitation and Hygiene (2023)",,
SPC:DF_SDG_06(3.0),A,SH_H2O_SAFE,NC,_T,_T,_T,_T,_T,_T,_Z,_T,2013,94.45,PERCENT,G,E,"WHO/UNICEF Joint Monitoring Programme for Water Supply, Sanitation and Hygiene (2023)",,
SPC:DF_SDG_06(3.0),A,SH_H2O_SAFE,NC,_T,_T,_T,_T,_T,_T,_Z,_T,2014,95.13,PERCENT,G,E,"WHO/UNICEF Joint Monitoring Programme for Water Supply, Sanitation and Hygiene (2023)",,
SPC:DF_SDG_06(3.0),A,SH_H2O_SAFE,NC,_T,_T,_T,_T,_T,_T,_Z,_T,2015,95.5,PERCENT,G,E,"WHO/UNICEF Joint Monitoring Programme for Water Supply, Sanitation and Hygiene (2023)",,
SPC:DF_SDG_06(3.0),A,SH_H2O_SAFE,NC,_T,_T,_T,_T,_T,_T,_Z,_T,2016,95.73,PERCENT,G,E,"WHO/UNICEF Joint Monitoring Programme for Water Supply, Sanitation and Hygiene (2023)",,
SPC:DF_SDG_06(3.0),A,SH_H2O_SAFE,NC,_T,_T,_T,_T,_T,_T,_Z,_T,2017,95.96,PERCENT,G,E,"WHO/UNICEF Joint Monitoring Programme for Water Supply, Sanitation and Hygiene (2023)",,
SPC:DF_SDG_06(3.0),A,SH_H2O_SAFE,NC,_T,_T,_T,_T,_T,_T,_Z,_T,2018,96.18,PERCENT,G,E,"WHO/UNICEF Joint Monitoring Programme for Water Supply, Sanitation and Hygiene (2023)",,
SPC:DF_SDG_06(3.0),A,SH_H2O_SAFE,NC,_T,_T,_T,_T,_T,_T,_Z,_T,2019,96.41,PERCENT,G,E,"WHO/UNICEF Joint Monitoring Programme for Water Supply, Sanitation and Hygiene (2023)",,
SPC:DF_SDG_06(3.0),A,SH_H2O_SAFE,NC,_T,_T,_T,_T,_T,_T,_Z,_T,2020,96.64,PERCENT,G,E,"WHO/UNICEF Joint Monitoring Programme for Water Supply, Sanitation and Hygiene (2023)",,
SPC:DF_SDG_06(3.0),A,SH_H2O_SAFE,NC,_T,_T,_T,_T,_T,_T,_Z,_T,2021,96.87,PERCENT,G,E,"WHO/UNICEF Joint Monitoring Programme for Water Supply, Sanitation and Hygiene (2023)",,
SPC:DF_SDG_06(3.0),A,SH_H2O_SAFE,NC,_T,_T,_T,_T,_T,_T,_Z,_T,2022,96.87,PERCENT,G,E,"WHO/UNICEF Joint Monitoring Programme for Water Supply, Sanitation and Hygiene (2023)",,
SPC:DF_SDG_06(3.0),A,SH_H2O_SAFE,WF,_T,_T,R,_T,_T,_T,_Z,_T,2000,69.15,PERCENT,G,E,"WHO/UNICEF Joint Monitoring Programme for Water Supply, Sanitation and Hygiene (2023)",,
SPC:DF_SDG_06(3.0),A,SH_H2O_SAFE,WF,_T,_T,R,_T,_T,_T,_Z,_T,2001,69.15,PERCENT,G,E,"WHO/UNICEF Joint Monitoring Programme for Water Supply, Sanitation and Hygiene (2023)",,
SPC:DF_SDG_06(3.0),A,SH_H2O_SAFE,WF,_T,_T,R,_T,_T,_T,_Z,_T,2002,69.13,PERCENT,G,E,"WHO/UNICEF Joint Monitoring Programme for Water Supply, Sanitation and Hygiene (2023)",,
SPC:DF_SDG_06(3.0),A,SH_H2O_SAFE,WF,_T,_T,R,_T,_T,_T,_Z,_T,2003,69.12,PERCENT,G,E,"WHO/UNICEF Joint Monitoring Programme for Water Supply, Sanitation and Hygiene (2023)",,
SPC:DF_SDG_06(3.0),A,SH_H2O_SAFE,WF,_T,_T,R,_T,_T,_T,_Z,_T,2004,69.11,PERCENT,G,E,"WHO/UNICEF Joint Monitoring Programme for Water Supply, Sanitation and Hygiene (2023)",,
SPC:DF_SDG_06(3.0),A,SH_H2O_SAFE,WF,_T,_T,R,_T,_T,_T,_Z,_T,2005,69.09,PERCENT,G,E,"WHO/UNICEF Joint Monitoring Programme for Water Supply, Sanitation and Hygiene (2023)",,
SPC:DF_SDG_06(3.0),A,SH_H2O_SAFE,WF,_T,_T,R,_T,_T,_T,_Z,_T,2006,69.08,PERCENT,G,E,"WHO/UNICEF Joint Monitoring Programme for Water Supply, Sanitation and Hygiene (2023)",,
SPC:DF_SDG_06(3.0),A,SH_H2O_SAFE,WF,_T,_T,R,_T,_T,_T,_Z,_T,2007,69.07,PERCENT,G,E,"WHO/UNICEF Joint Monitoring Programme for Water Supply, Sanitation and Hygiene (2023)",,
SPC:DF_SDG_06(3.0),A,SH_H2O_SAFE,WF,_T,_T,R,_T,_T,_T,_Z,_T,2008,69.05,PERCENT,G,E,"WHO/UNICEF Joint Monitoring Programme for Water Supply, Sanitation and Hygiene (2023)",,
SPC:DF_SDG_06(3.0),A,SH_H2O_SAFE,WF,_T,_T,R,_T,_T,_T,_Z,_T,2009,69.04,PERCENT,G,E,"WHO/UNICEF Joint Monitoring Programme for Water Supply, Sanitation and Hygiene (2023)",,
SPC:DF_SDG_06(3.0),A,SH_H2O_SAFE,WF,_T,_T,R,_T,_T,_T,_Z,_T,2010,69.03,PERCENT,G,E,"WHO/UNICEF Joint Monitoring Programme for Water Supply, Sanitation and Hygiene (2023)",,
SPC:DF_SDG_06(3.0),A,SH_H2O_SAFE,WF,_T,_T,R,_T,_T,_T,_Z,_T,2011,69.01,PERCENT,G,E,"WHO/UNICEF Joint Monitoring Programme for Water Supply, Sanitation and Hygiene (2023)",,
SPC:DF_SDG_06(3.0),A,SH_H2O_SAFE,WF,_T,_T,R,_T,_T,_T,_Z,_T,2012,69,PERCENT,G,E,"WHO/UNICEF Joint Monitoring Programme for Water Supply, Sanitation and Hygiene (2023)",,
SPC:DF_SDG_06(3.0),A,SH_H2O_SAFE,WF,_T,_T,R,_T,_T,_T,_Z,_T,2013,68.99,PERCENT,G,E,"WHO/UNICEF Joint Monitoring Programme for Water Supply, Sanitation and Hygiene (2023)",,
SPC:DF_SDG_06(3.0),A,SH_H2O_SAFE,WF,_T,_T,R,_T,_T,_T,_Z,_T,2014,68.97,PERCENT,G,E,"WHO/UNICEF Joint Monitoring Programme for Water Supply, Sanitation and Hygiene (2023)",,
SPC:DF_SDG_06(3.0),A,SH_H2O_SAFE,WF,_T,_T,R,_T,_T,_T,_Z,_T,2015,68.96,PERCENT,G,E,"WHO/UNICEF Joint Monitoring Programme for Water Supply, Sanitation and Hygiene (2023)",,
SPC:DF_SDG_06(3.0),A,SH_H2O_SAFE,WF,_T,_T,R,_T,_T,_T,_Z,_T,2016,68.95,PERCENT,G,E,"WHO/UNICEF Joint Monitoring Programme for Water Supply, Sanitation and Hygiene (2023)",,
SPC:DF_SDG_06(3.0),A,SH_H2O_SAFE,WF,_T,_T,R,_T,_T,_T,_Z,_T,2017,68.93,PERCENT,G,E,"WHO/UNICEF Joint Monitoring Programme for Water Supply, Sanitation and Hygiene (2023)",,
SPC:DF_SDG_06(3.0),A,SH_H2O_SAFE,WF,_T,_T,R,_T,_T,_T,_Z,_T,2018,68.92,PERCENT,G,E,"WHO/UNICEF Joint Monitoring Programme for Water Supply, Sanitation and Hygiene (2023)",,
SPC:DF_SDG_06(3.0),A,SH_H2O_SAFE,WF,_T,_T,R,_T,_T,_T,_Z,_T,2019,68.91,PERCENT,G,E,"WHO/UNICEF Joint Monitoring Programme for Water Supply, Sanitation and Hygiene (2023)",,
SPC:DF_SDG_06(3.0),A,SH_H2O_SAFE,WF,_T,_T,R,_T,_T,_T,_Z,_T,2020,68.89,PERCENT,G,E,"WHO/UNICEF Joint Monitoring Programme for Water Supply, Sanitation and Hygiene (2023)",,
SPC:DF_SDG_06(3.0),A,SH_H2O_SAFE,WF,_T,_T,R,_T,_T,_T,_Z,_T,2021,68.88,PERCENT,G,E,"WHO/UNICEF Joint Monitoring Programme for Water Supply, Sanitation and Hygiene (2023)",,
SPC:DF_SDG_06(3.0),A,SH_H2O_SAFE,WF,_T,_T,R,_T,_T,_T,_Z,_T,2022,68.88,PERCENT,G,E,"WHO/UNICEF Joint Monitoring Programme for Water Supply, Sanitation and Hygiene (2023)",,
